"","value","patient_1","patient_2","patient_3","patient_4","patient_5","patient_6","patient_7","patient_8","patient_9","patient_10","patient_11"
"1","HLA-DRA",1,1,1,1,1,0,1,1,1,1,1
"2","IGLV5-45",1,0,0,0,0,0,0,0,0,0,0
"3","ESYT2",1,0,1,1,1,1,0,0,0,0,1
"4","ILVBL",1,1,1,1,0,1,0,0,0,0,0
"5","WDR91",1,0,0,0,0,0,0,0,0,0,0
"6","MYO1G",1,1,1,1,1,1,1,0,1,1,1
"7","SMIM1",1,1,1,1,0,1,0,0,0,0,0
"8","GPR89B",1,0,0,0,0,0,0,0,0,0,0
"9","NACA",1,1,1,1,1,1,1,1,0,0,1
"10","SMIM22",1,0,1,1,0,0,1,0,0,0,0
"11","AGPS",1,1,1,1,0,1,0,0,0,0,0
"12","PDLIM1",1,1,0,1,1,0,1,0,0,0,0
"13","MYO1C",1,1,1,0,0,1,1,1,1,1,1
"14","MYO1F",1,1,1,1,0,1,0,0,1,1,1
"15","SNAP23",1,1,1,1,1,1,1,1,1,1,0
"16","LGALS9",1,1,1,1,1,1,1,1,0,0,1
"17","STXBP3",1,1,1,1,1,1,1,1,1,1,1
"18","AP3B1",1,0,1,0,0,1,0,0,0,0,0
"19","PGRMC1",1,1,1,1,1,1,0,0,0,1,1
"20","EIF3F",1,1,1,1,1,1,1,1,0,0,1
"21","SLC33A1",1,0,0,0,0,1,1,0,0,0,0
"22","IPO5",1,1,1,1,1,1,1,1,1,1,1
"23","GOLIM4",1,0,0,0,0,0,0,0,0,0,0
"24","PLOD2",1,0,0,0,0,0,1,0,0,1,0
"25","SDCBP",1,1,1,1,1,0,1,1,1,1,1
"26","NOP56",1,0,1,0,0,1,0,1,0,0,0
"27","DDX3X",1,1,1,1,1,1,1,0,0,0,0
"28","PODXL",1,1,1,1,1,0,1,1,1,1,1
"29","FCN1",1,1,1,1,1,1,1,1,1,1,1
"30","PDXK",1,1,1,1,1,1,1,1,1,0,1
"31","CYB561D2",1,0,0,1,0,0,0,0,0,0,0
"32","COPE",1,1,1,1,1,1,0,1,0,0,1
"33","GOSR2",1,0,0,1,1,0,0,0,0,0,1
"34","ADAM10",1,1,1,1,0,1,1,1,1,1,0
"35","ITGB1BP1",1,0,0,0,0,0,1,0,0,0,1
"36","CDIPT",1,0,1,1,0,0,0,0,0,0,1
"37","SLC9A3R1",1,1,1,1,1,1,1,1,1,1,1
"38","TSPAN4",1,1,0,1,0,1,0,0,0,0,1
"39","PSMA7",1,0,1,1,0,1,0,0,0,1,0
"40","SCAMP3",1,1,1,1,0,1,0,1,0,0,1
"41","IFIT3",1,0,1,0,0,0,0,0,0,0,0
"42","MGST3",1,1,1,1,1,1,0,0,0,0,1
"43","GIPC1",1,1,1,1,1,1,1,1,0,0,1
"44","MYL12B",1,1,0,1,1,0,1,1,1,1,0
"45","HGS",1,0,0,0,0,1,0,0,0,0,0
"46","CLGN",1,0,0,0,0,0,0,0,0,0,0
"47","HNRNPDL",1,0,0,0,1,0,0,0,0,0,1
"48","XPO1",1,0,1,1,1,1,1,0,0,1,1
"49","SEC16A",1,1,0,0,0,0,0,0,0,0,0
"50","PLXNB2",1,1,1,1,1,0,1,1,1,1,0
"51","DEGS1",1,0,0,0,1,0,0,0,0,0,0
"52","SCAMP1",1,0,0,1,0,0,0,0,0,0,0
"53","SCAMP2",1,1,1,1,1,0,0,0,0,0,1
"54","ARPC2",1,1,1,1,0,1,1,0,1,0,1
"55","ARPC3",1,0,1,1,1,1,1,0,1,1,1
"56","PLSCR1",1,1,1,1,1,1,1,1,1,1,1
"57","PGRMC2",1,1,1,1,1,1,1,0,0,1,1
"58","LAMA5",1,1,0,0,0,1,0,0,0,0,0
"59","LEPROT",1,0,1,1,0,0,0,0,0,0,1
"60","RER1",1,1,1,1,1,1,1,1,0,1,0
"61","SURF4",1,1,1,1,1,1,1,0,0,1,1
"62","SPTLC1",1,1,1,0,0,1,0,0,0,0,1
"63","SPTLC2",1,0,0,1,1,0,0,0,0,0,1
"64","TM9SF1",1,0,0,0,0,0,0,0,0,0,0
"65","EIF3H",1,0,1,1,0,0,0,1,1,0,0
"66","STX7",1,0,1,1,1,0,1,1,0,1,1
"67","SLC16A3",1,1,1,1,1,1,1,1,1,1,1
"68","P4HA2",1,0,0,0,1,1,0,0,0,0,0
"69","YKT6",1,0,1,1,0,0,1,0,0,0,1
"70","TAPBP",1,0,1,1,0,0,0,0,0,0,1
"71","CLDN3",1,0,1,1,1,0,1,0,1,1,0
"72","FLRT2",1,1,1,1,0,1,1,0,0,1,1
"73","CYB5B",1,0,1,0,0,1,0,0,0,0,1
"74","PHGDH",1,1,0,1,1,0,1,0,1,1,1
"75","SPINT2",1,1,0,0,0,0,0,0,0,0,0
"76","GPAA1",1,0,0,0,0,0,0,0,0,0,0
"77","TPD52L2",1,0,0,0,1,1,1,1,0,0,1
"78","EPB41L2",1,1,1,1,1,1,1,1,1,1,1
"79","TGOLN2",1,1,1,1,1,1,1,1,0,0,0
"80","ATP8B1",1,0,0,0,0,0,0,0,0,0,0
"81","CA12",1,1,1,1,1,1,1,0,1,1,1
"82","TSPAN6",1,0,0,1,1,0,0,1,0,0,1
"83","GET3",1,0,1,0,1,1,0,0,0,0,1
"84","NARS1",1,0,0,1,0,0,1,0,0,0,1
"85","MYO1B",1,1,1,0,0,1,1,1,1,1,1
"86","CALU",1,1,0,1,1,1,0,0,0,0,1
"87","AHCYL1",1,1,1,1,1,1,1,1,1,1,1
"88","TYROBP",1,1,0,1,0,1,1,1,1,0,1
"89","PLIN1",1,1,1,1,0,1,1,0,0,0,0
"90","PPL",1,0,1,1,1,1,1,1,1,0,0
"91","NRP2",1,0,0,0,0,1,0,0,0,0,1
"92","ACSL4",1,1,1,1,0,1,1,1,1,1,1
"93","SYNCRIP",1,0,1,0,1,1,1,1,0,0,0
"94","PLOD3",1,0,0,0,0,1,0,0,0,0,0
"95","TLR2",1,1,0,1,1,1,0,1,1,1,1
"96","DIAPH1",1,1,1,1,0,1,0,1,1,0,1
"97","SELENOF",1,0,1,1,0,0,0,0,0,0,0
"98","TSPAN1",1,0,0,1,1,0,1,1,1,1,1
"99","UGDH",1,1,1,1,0,1,1,0,1,1,0
"100","CTNND1",1,1,1,1,1,1,1,1,1,1,0
"101","SNX2",1,1,0,1,1,1,1,1,1,0,0
"102","DPM1",1,0,0,0,0,0,0,0,0,0,1
"103","H2BC9",1,1,1,1,1,0,0,0,0,1,0
"104","PRAF2",1,1,0,1,1,0,0,0,0,0,0
"105","DNAJA2",1,0,1,0,1,1,0,1,0,0,1
"106","SRGAP2",1,0,0,1,1,0,1,0,0,0,1
"107","FAM20B",1,0,0,0,0,0,0,0,0,0,0
"108","WDR1",1,1,1,1,1,1,1,0,1,1,1
"109","CPNE3",1,1,1,0,1,0,1,0,1,1,1
"110","DNAJC13",1,0,1,1,1,1,1,0,0,0,1
"111","GGCT",1,0,0,0,0,0,0,0,0,1,0
"112","CILP",1,1,0,0,1,0,0,0,1,1,0
"113","TBCA",1,0,0,0,0,1,1,0,0,0,0
"114","ATP6V1G1",1,1,0,1,1,1,1,1,0,0,1
"115","VPS4B",1,0,0,1,0,1,1,1,0,0,1
"116","MPDU1",1,1,1,1,1,1,1,0,0,0,1
"117","MACROH2A1",1,0,1,1,1,1,1,1,1,1,0
"118","FLNB",1,1,1,1,0,1,1,1,0,0,0
"119","SEC22B",1,1,1,1,1,1,1,1,0,1,1
"120","ERLIN1",1,0,0,1,0,0,0,0,0,0,0
"121","GPC4",1,1,0,0,1,1,1,1,0,1,1
"122","STX11",1,1,1,1,1,1,1,0,1,0,1
"123","PGLYRP1",1,1,0,0,0,0,0,0,0,0,0
"124","RP2",1,1,1,1,1,1,1,1,1,1,1
"125","CRTAP",1,0,0,1,0,0,0,0,0,1,0
"126","PALM",1,1,0,1,0,1,1,0,0,0,0
"127","UPK1B",1,1,1,1,1,0,1,0,1,0,1
"128","ZMPSTE24",1,1,1,1,1,0,0,0,0,0,0
"129","CYP7B1",1,0,0,1,0,0,0,0,0,1,0
"130","STAM2",1,0,1,0,0,0,0,0,0,0,0
"131","DGAT1",1,0,0,1,0,0,0,0,0,0,1
"132","ARL6IP5",1,1,1,1,1,1,1,0,0,1,1
"133","ATP5PD",1,1,1,1,0,1,0,0,0,0,1
"134","TSPAN9",1,0,0,1,0,1,1,1,0,0,1
"135","FLOT1",1,1,1,1,1,1,1,1,1,1,1
"136","GLRX3",1,0,0,0,1,0,0,1,0,0,0
"137","WFS1",1,0,0,0,0,0,0,0,0,0,0
"138","SRP72",1,0,0,0,0,0,0,0,0,0,0
"139","B3GAT3",1,0,0,0,0,0,0,0,0,0,0
"140","STK10",1,1,1,1,1,1,1,1,1,1,1
"141","TOMM70",1,0,0,0,0,0,0,0,0,0,0
"142","MYO1D",1,1,1,1,1,1,1,0,1,1,1
"143","ERLIN2",1,1,1,1,1,1,1,0,0,1,1
"144","ENDOD1",1,0,0,0,1,0,0,0,0,0,1
"145","AP2A2",1,1,1,1,1,1,1,1,0,0,1
"146","SEC31A",1,0,1,1,1,1,0,1,0,0,1
"147","ZFPL1",1,0,0,0,0,0,0,0,0,0,1
"148","RTN3",1,1,1,1,1,1,1,0,0,0,1
"149","VAPB",1,0,0,0,0,0,0,0,0,0,0
"150","MPZL1",1,0,0,1,0,0,1,0,0,1,1
"151","PGLS",1,1,1,1,1,1,1,1,1,0,1
"152","LYPLA2",1,0,1,1,0,1,0,1,0,0,1
"153","TNFAIP8",1,1,1,1,0,0,1,0,1,1,0
"154","SLC34A2",1,1,1,1,1,1,1,1,1,1,1
"155","FMNL1",1,1,1,1,0,1,1,1,1,1,1
"156","SGPL1",1,1,0,1,0,0,0,0,0,0,0
"157","CLDN7",1,0,0,0,1,0,0,1,0,0,1
"158","H6PD",1,1,1,0,0,1,1,0,0,0,0
"159","VNN1",1,0,0,0,0,0,0,1,1,0,0
"160","VNN2",1,1,0,0,0,0,1,0,0,0,0
"161","ACSL3",1,1,0,1,1,0,0,0,0,0,0
"162","AP2A1",1,1,1,1,1,1,1,1,1,1,1
"163","CAVIN2",1,0,1,1,0,0,1,0,0,0,0
"164","CLDN1",1,1,1,1,1,1,1,1,1,1,1
"165","CLIC3",1,1,1,1,0,1,1,0,0,0,0
"166","GNA14",1,1,1,1,0,1,1,1,1,0,1
"167","BPNT1",1,0,0,0,1,0,0,1,0,0,1
"168","DDAH2",1,1,1,1,1,1,1,1,1,0,1
"169","ABHD16A",1,0,0,0,0,0,0,0,0,0,0
"170","TXNDC12",1,0,0,1,0,0,0,0,0,0,0
"171","CLPTM1",1,0,0,0,0,0,0,0,0,0,1
"172","TOMM40",1,0,0,0,0,0,0,0,0,0,0
"173","PEX11B",1,0,0,0,1,0,0,1,0,0,1
"174","CYB5A",1,1,1,1,1,1,1,0,0,1,0
"175","ADH1B",1,0,1,1,0,1,1,0,0,1,0
"176","CYB5R3",1,1,0,0,1,1,1,0,0,0,0
"177","GSR",1,0,0,1,0,0,1,0,0,0,1
"178","MT-CO2",1,1,1,1,1,1,1,0,0,0,1
"179","SOD1",1,1,0,1,1,1,0,1,0,0,1
"180","PNP",1,1,0,1,1,1,0,0,0,1,1
"181","HPRT1",1,0,0,0,1,0,0,1,0,0,1
"182","EGFR",1,1,1,1,1,1,1,1,1,1,1
"183","PGK1",1,1,0,0,0,1,0,0,0,1,0
"184","AK1",1,0,1,1,0,1,1,0,0,0,1
"185","F9",1,0,1,1,0,0,0,0,0,0,0
"186","PLAT",1,0,0,1,1,0,0,0,0,0,0
"187","CA1",1,1,0,0,1,1,1,0,0,1,0
"188","ASS1",1,0,0,1,1,0,1,0,0,0,1
"189","TIMP1",1,0,1,0,0,1,0,0,1,0,0
"190","CST3",1,0,0,0,0,1,0,0,0,0,0
"191","KRAS",1,1,1,1,1,1,1,1,1,1,1
"192","CD8A",1,0,0,0,0,1,0,0,0,0,1
"193","HLA-B",1,1,1,1,1,1,1,0,1,1,1
"194","HLA-H",1,0,0,1,1,1,1,1,0,1,1
"195","HLA-DQA2",1,0,0,1,0,0,0,0,1,0,1
"196","HLA-DQA1",1,1,1,0,0,0,0,0,1,0,0
"197","HLA-DRB1",1,0,0,1,1,0,1,0,1,0,1
"198","HBE1",1,0,0,0,0,0,0,0,0,1,0
"199","COL4A1",1,1,0,0,1,1,0,0,0,0,0
"200","CRYAB",1,1,1,1,0,1,1,0,0,0,0
"201","SPTA1",1,1,0,0,0,0,1,0,1,1,0
"202","MBP",1,0,0,0,0,0,0,0,0,0,0
"203","GYPA",1,1,1,1,1,1,1,1,0,1,1
"204","TFRC",1,1,1,1,1,0,1,0,1,1,1
"205","LTF",1,0,0,0,0,1,0,1,0,1,1
"206","CAT",1,0,0,0,1,0,1,0,0,1,0
"207","CSTB",1,1,1,1,1,1,1,1,0,1,0
"208","PRNP",1,0,1,1,0,0,0,0,0,1,1
"209","SOD2",1,1,1,1,1,1,1,0,0,0,0
"210","THY1",1,1,1,1,1,1,1,1,1,1,1
"211","CD74",1,1,1,1,1,1,1,0,1,1,1
"212","CAPNS1",1,1,1,1,1,0,1,0,0,0,1
"213","HSPB1",1,1,0,0,0,0,1,0,0,1,0
"214","CYBB",1,1,1,0,1,1,1,1,1,1,1
"215","RPN1",1,1,1,1,0,1,1,1,0,1,0
"216","RPN2",1,1,1,0,1,1,1,0,0,1,1
"217","GNAI2",1,1,1,0,1,1,1,1,1,1,0
"218","ATP1A1",1,1,1,1,1,1,1,0,1,1,0
"219","ATP1B1",1,1,1,1,1,1,1,1,0,1,1
"220","APP",1,0,0,0,0,0,0,0,0,0,1
"221","ARG1",1,0,0,0,0,1,0,0,0,0,0
"222","ALDH2",1,1,1,1,0,1,1,0,0,0,0
"223","ITGB3",1,1,1,1,1,0,0,0,0,0,1
"224","ITGB2",1,1,1,1,1,1,1,1,1,1,1
"225","SERPINE1",1,0,0,0,0,0,0,0,0,0,1
"226","ISG15",1,0,0,0,0,0,0,1,1,1,1
"227","MPO",1,1,0,0,1,0,1,0,1,1,0
"228","ALPL",1,1,0,1,1,0,1,0,0,1,1
"229","ALPP",1,0,0,0,1,0,1,1,1,0,1
"230","ICAM1",1,1,1,1,1,0,1,1,1,1,1
"231","RPLP1",1,0,0,0,1,1,0,0,0,1,1
"232","ITGB1",1,1,1,1,1,1,1,1,1,1,1
"233","PRKCB",1,1,0,1,1,1,1,0,0,0,1
"234","MYL1",1,1,0,0,0,0,0,0,0,0,0
"235","HPN",1,0,0,0,0,0,0,0,1,0,1
"236","PTMA",1,1,0,0,0,1,1,1,0,0,0
"237","ATP5F1B",1,1,1,1,1,1,1,1,1,1,1
"238","PYGL",1,1,0,1,0,1,0,1,0,0,0
"239","TPM3",1,1,0,1,0,0,1,0,1,1,0
"240","ITGAV",1,1,1,1,0,0,1,1,1,1,0
"241","EPHX1",1,1,1,1,1,0,1,0,0,1,1
"242","P4HB",1,1,0,1,0,0,1,0,0,1,0
"243","CTSD",1,1,1,1,1,1,0,0,0,0,1
"244","CAPN1",1,1,1,1,1,1,1,1,0,1,1
"245","DCN",1,1,0,1,0,0,0,0,0,0,1
"246","PSAP",1,0,0,1,1,0,0,0,0,0,1
"247","PFN1",1,1,1,1,1,0,1,0,1,1,1
"248","APRT",1,1,1,1,1,0,1,1,1,1,1
"249","EPRS1",1,1,1,1,0,1,1,0,0,0,1
"250","LAMB1",1,1,0,1,0,0,0,0,0,0,0
"251","YES1",1,0,0,1,1,0,1,1,0,0,1
"252","LYN",1,1,1,1,1,1,1,1,1,1,1
"253","ANXA6",1,1,1,0,1,0,1,0,1,1,0
"254","SLC3A2",1,1,1,1,1,0,1,1,1,1,1
"255","GUSB",1,0,0,0,0,1,0,0,0,0,0
"256","PFKM",1,1,1,1,1,1,1,1,0,0,0
"257","ELANE",1,1,0,1,1,0,1,1,0,0,1
"258","MMP2",1,0,1,0,0,0,0,0,0,0,0
"259","MME",1,1,0,1,0,1,0,0,0,0,1
"260","ITGA2B",1,0,1,1,0,1,1,0,0,0,1
"261","PLEK",1,0,0,1,0,1,0,1,1,0,1
"262","CYC1",1,0,0,1,1,1,0,0,0,0,1
"263","PTPRC",1,1,1,0,1,1,1,1,1,1,1
"264","MELTF",1,1,1,1,1,1,1,0,1,1,1
"265","HCK",1,1,1,1,1,1,1,1,1,1,1
"266","ITGA5",1,1,1,1,1,0,1,1,1,1,1
"267","RPS17",1,1,1,1,1,1,0,1,0,0,1
"268","GNAI3",1,1,1,1,1,1,1,1,1,1,1
"269","ANXA5",1,1,0,0,1,0,1,1,1,1,1
"270","RPSA",1,0,1,1,1,1,1,0,1,1,1
"271","CD63",1,0,1,0,1,0,1,1,0,1,1
"272","ACAA1",1,1,1,1,1,1,0,0,0,0,1
"273","GSTP1",1,1,0,1,0,1,1,0,1,1,0
"274","LGALS1",1,1,0,0,0,0,1,1,1,1,0
"275","HMGB1",1,0,1,1,0,0,0,1,0,0,1
"276","RBP1",1,1,0,0,0,0,1,1,1,0,1
"277","FBP1",1,1,0,1,1,1,0,1,1,1,0
"278","SPARC",1,1,0,0,0,0,0,0,0,0,0
"279","ANXA4",1,1,1,0,1,1,1,1,1,1,1
"280","CNP",1,0,1,1,1,1,1,1,1,1,1
"281","PDGFRB",1,1,1,1,0,1,1,0,0,1,0
"282","DLD",1,1,0,1,0,1,0,0,0,0,1
"283","HNRNPA1",1,1,1,1,1,0,1,0,1,1,1
"284","TACSTD2",1,1,0,1,1,0,1,1,1,1,1
"285","PARP1",1,0,1,0,1,1,0,0,0,0,0
"286","IFIT1",1,0,0,0,1,0,0,0,0,0,0
"287","LTA4H",1,1,1,1,1,1,1,1,1,1,1
"288","ALDOC",1,0,0,0,1,0,0,0,0,0,1
"289","SULT1A3",1,1,1,1,1,0,1,0,0,0,0
"290","RRAS",1,1,1,1,1,1,0,1,1,1,1
"291","HLA-C",1,1,1,1,1,1,1,1,1,1,1
"292","DLAT",1,0,0,1,1,0,0,0,0,0,1
"293","PTPRF",1,1,1,0,1,1,1,0,1,0,0
"294","TXN",1,0,1,1,1,0,1,1,1,0,0
"295","MGST1",1,0,1,1,1,1,1,0,0,1,0
"296","PRKAR1A",1,1,1,1,1,1,1,1,0,1,1
"297","HSPD1",1,1,1,1,1,1,1,1,0,1,0
"298","SLC2A1",1,1,1,1,0,1,1,0,1,1,1
"299","SLC2A3",1,1,0,1,1,1,1,1,1,0,1
"300","EPB41",1,1,1,1,1,1,1,1,1,1,1
"301","ITGAM",1,1,1,1,1,1,1,1,1,1,1
"302","RALA",1,1,1,1,1,1,1,1,1,1,0
"303","RALB",1,1,1,0,1,1,1,1,0,1,1
"304","BCR",1,0,1,1,0,1,0,1,0,1,0
"305","SPTB",1,1,1,0,0,1,1,1,0,1,0
"306","LAMP1",1,0,1,1,1,1,1,1,0,1,1
"307","G6PD",1,0,0,1,1,0,1,0,0,0,1
"308","CETP",1,0,1,0,0,0,0,1,1,0,1
"309","IGF2R",1,0,0,1,1,0,0,0,0,0,1
"310","ADH5",1,1,1,1,1,1,1,1,0,1,1
"311","PABPC1",1,1,1,1,1,1,1,1,0,1,1
"312","COL6A2",1,1,1,1,1,1,1,1,1,1,0
"313","SLC25A6",1,1,1,1,1,1,1,0,1,1,1
"314","PIP",1,0,1,1,0,0,1,0,1,1,1
"315","FCGR1A",1,1,0,1,1,1,0,1,1,1,1
"316","ANXA3",1,1,1,0,1,1,1,1,1,1,1
"317","RNASE3",1,1,1,1,1,1,1,0,0,0,0
"318","CDH1",1,0,0,0,0,0,1,0,1,0,1
"319","MYH7",1,1,0,0,0,0,0,0,0,0,0
"320","PEPD",1,0,0,1,1,1,0,1,0,0,1
"321","XRCC6",1,1,0,1,1,0,1,0,0,1,1
"322","XRCC5",1,1,0,0,0,0,0,0,0,0,0
"323","RNH1",1,1,0,1,1,0,1,1,1,1,1
"324","CYBA",1,1,0,1,1,1,1,1,0,1,1
"325","NCAM1",1,0,0,0,0,0,0,1,0,0,0
"326","VCAN",1,0,1,0,1,0,1,0,0,0,0
"327","PDIA4",1,1,1,1,1,1,1,1,0,1,1
"328","P4HA1",1,1,1,1,1,1,0,0,0,1,1
"329","HLA-E",1,0,1,0,0,1,0,1,0,0,0
"330","APEH",1,0,0,1,1,0,1,0,0,0,0
"331","GYS1",1,0,1,0,1,0,0,1,0,0,0
"332","PRKAR2A",1,1,1,1,1,1,1,1,0,0,1
"333","CD59",1,1,1,1,1,1,1,1,1,1,1
"334","FOLR2",1,1,1,1,1,1,1,1,1,1,1
"335","CD99",1,1,1,1,1,1,1,1,1,1,0
"336","PRKCSH",1,1,1,1,1,1,1,0,0,1,0
"337","CPM",1,1,0,1,0,0,0,1,0,0,0
"338","AKR1A1",1,1,1,1,1,1,1,1,0,1,1
"339","HSP90B1",1,1,0,0,1,0,1,0,0,1,0
"340","SNRPB",1,0,0,0,1,0,0,0,0,0,0
"341","MMP9",1,1,1,1,0,0,0,0,0,0,1
"342","HNRNPL",1,0,1,0,0,1,0,0,0,0,0
"343","DARS1",1,1,1,1,1,1,1,0,1,1,1
"344","PVR",1,0,0,0,1,0,0,0,0,0,0
"345","RAC2",1,1,1,1,1,1,1,1,1,0,1
"346","EZR",1,1,0,0,0,0,1,0,0,1,0
"347","FOLR1",1,1,0,1,1,1,1,1,0,1,1
"348","CD46",1,0,0,1,1,1,0,0,0,0,1
"349","RPS2",1,1,1,1,1,0,1,1,1,1,0
"350","MUC1",1,1,1,1,0,1,1,0,1,1,1
"351","ALOX15",1,1,1,1,0,0,1,0,0,0,0
"352","NPR1",1,0,0,1,1,0,1,0,0,0,1
"353","H2AX",1,0,1,1,0,1,1,0,0,1,0
"354","ITGB4",1,0,0,0,0,0,1,0,0,0,0
"355","CBR1",1,1,1,1,1,1,1,1,1,0,1
"356","ANK1",1,0,1,0,1,1,1,1,0,1,1
"357","PECAM1",1,1,1,1,1,1,1,1,1,1,1
"358","EPCAM",1,1,0,0,1,0,1,1,1,1,1
"359","POR",1,1,1,1,1,0,0,0,0,0,1
"360","EPB42",1,1,1,0,1,1,1,0,0,1,1
"361","ATP2A2",1,1,1,1,1,1,1,0,0,1,0
"362","CD36",1,1,1,1,0,1,1,1,0,1,1
"363","GOT1",1,0,0,1,1,0,1,1,0,0,1
"364","ITGA2",1,0,0,0,1,0,0,0,0,0,0
"365","GJA1",1,1,0,1,0,1,1,0,0,0,0
"366","CAPN2",1,1,0,1,1,1,1,1,1,0,1
"367","ENG",1,1,1,1,1,0,1,1,1,1,1
"368","PFKL",1,1,1,1,1,0,1,1,1,1,0
"369","LGALS3",1,1,0,0,0,0,1,0,0,1,0
"370","PSMC3",1,0,1,0,1,1,1,1,0,0,1
"371","TCP1",1,1,1,1,1,0,1,0,1,1,0
"372","RPL35A",1,0,1,0,1,1,0,0,0,0,0
"373","ITGB5",1,1,1,1,1,1,0,0,0,0,1
"374","ARF4",1,1,1,1,1,0,1,0,1,1,0
"375","PTPRA",1,1,1,1,0,1,1,0,1,0,1
"376","RHCE",1,0,1,1,1,1,1,0,0,1,1
"377","RPL17",1,1,1,1,1,1,1,1,0,0,1
"378","PGAM1",1,1,0,1,0,1,1,0,1,1,1
"379","CDH2",1,0,0,0,0,0,1,0,0,0,1
"380","HK1",1,1,1,0,0,0,0,0,0,0,1
"381","GGT1",1,1,0,1,1,0,0,0,0,0,0
"382","SLC9A1",1,1,0,0,0,0,1,0,0,0,0
"383","TYMP",1,1,0,1,0,0,1,0,0,1,1
"384","ATP2B1",1,1,1,1,1,1,1,1,1,1,1
"385","HLA-DPA1",1,1,1,1,1,1,1,1,1,1,1
"386","ANXA7",1,1,1,1,1,1,1,1,1,1,1
"387","CD33",1,1,1,0,0,0,0,0,0,0,1
"388","ALOX5AP",1,1,1,0,0,1,0,0,0,0,0
"389","MX1",1,1,0,0,1,0,0,1,1,1,1
"390","M6PR",1,1,1,1,1,1,1,1,1,0,1
"391","ITGAL",1,1,1,1,0,1,0,1,1,1,1
"392","ITGAX",1,1,0,1,0,1,0,1,1,0,1
"393","COL5A1",1,0,0,1,0,1,0,0,0,0,0
"394","GSTM3",1,0,1,1,0,1,1,1,0,1,0
"395","ATP6V1B2",1,1,0,1,1,1,0,1,0,1,1
"396","ATP6V1C1",1,0,0,0,1,0,0,0,0,0,0
"397","CSRP1",1,0,1,1,1,1,1,1,0,0,1
"398","MAOA",1,0,0,1,0,0,0,0,0,0,0
"399","ACO1",1,1,1,1,0,1,1,1,0,0,0
"400","NT5E",1,1,1,1,1,1,1,0,1,1,1
"401","C5AR1",1,1,0,1,0,0,1,1,1,0,1
"402","MSR1",1,0,0,1,0,1,0,0,0,0,0
"403","VDAC1",1,1,1,1,1,1,0,0,0,1,0
"404","BGN",1,0,0,0,1,0,0,0,0,1,1
"405","CD9",1,1,1,1,1,0,1,0,1,1,1
"406","COMT",1,1,1,1,1,1,0,0,0,0,0
"407","TGM2",1,1,0,1,0,0,1,1,1,1,0
"408","OSBP",1,0,0,0,0,1,0,0,0,0,0
"409","PCMT1",1,1,1,1,1,1,1,1,1,1,1
"410","TNXB",1,0,1,0,0,0,0,0,1,0,1
"411","PAICS",1,0,0,0,1,1,1,0,0,0,1
"412","SCP2",1,1,0,1,0,1,0,0,0,0,1
"413","UBA1",1,1,0,1,0,1,1,0,1,1,0
"414","NME2",1,1,0,0,0,1,1,1,1,1,1
"415","ENPP1",1,0,1,0,0,1,0,0,0,0,1
"416","HNRNPA2B1",1,1,0,0,1,1,1,1,0,0,1
"417","CALB2",1,1,0,1,1,1,1,0,1,1,1
"418","UQCRC2",1,1,1,1,1,1,1,0,0,0,1
"419","SLC2A5",1,1,0,1,1,0,1,0,1,1,1
"420","TGM1",1,1,1,1,1,1,1,1,1,1,1
"421","MRC1",1,1,1,1,1,1,1,1,1,1,1
"422","CES1",1,1,0,1,0,0,0,0,0,0,0
"423","PTGS1",1,0,1,1,0,1,0,0,0,0,1
"424","ITGA6",1,1,1,0,1,1,1,0,1,1,1
"425","PPIB",1,1,1,1,1,0,1,0,0,1,1
"426","S100A1",1,0,0,0,0,0,0,1,0,0,0
"427","WARS1",1,1,0,1,0,1,1,0,0,1,0
"428","JAK1",1,1,1,1,0,1,1,0,1,1,1
"429","PTPRE",1,0,1,0,0,1,0,0,0,0,0
"430","PTPRG",1,0,0,0,0,0,0,0,0,0,1
"431","AHCY",1,1,1,1,0,0,1,0,1,1,0
"432","ATP2B4",1,1,1,1,1,1,1,1,1,1,0
"433","KDELR1",1,1,1,1,1,1,0,0,0,0,1
"434","EEF1B2",1,0,1,1,1,0,1,0,0,1,1
"435","ATP5PB",1,1,1,1,1,1,1,0,0,1,1
"436","TBXAS1",1,0,1,1,1,1,0,0,0,0,1
"437","RPS12",1,1,1,1,0,1,1,1,1,1,1
"438","FAS",1,1,1,1,1,1,1,0,1,1,1
"439","ATP5F1A",1,1,1,1,1,1,1,1,0,1,0
"440","PSMA3",1,0,0,0,0,0,1,0,0,0,1
"441","PSMA4",1,0,1,1,1,0,1,0,1,0,0
"442","ITGA3",1,1,1,1,1,1,1,1,1,1,0
"443","ITGB8",1,1,1,0,1,1,1,1,1,1,0
"444","MSN",1,0,0,0,1,0,1,0,1,1,0
"445","DDX6",1,1,0,0,1,1,0,1,0,0,1
"446","CTNNA2",1,1,1,1,1,1,1,1,0,1,1
"447","S100A4",1,1,0,1,1,1,1,0,1,1,0
"448","PTBP1",1,0,1,1,1,1,0,0,0,0,1
"449","TARS1",1,0,0,0,1,0,1,0,0,0,1
"450","EEF1G",1,1,1,1,0,1,1,0,1,1,1
"451","FKBP2",1,1,1,1,1,1,1,0,0,0,1
"452","STOM",1,1,1,1,1,1,1,1,1,1,1
"453","MAOB",1,1,1,1,1,1,0,0,0,1,1
"454","ATP6V0C",1,0,1,1,0,1,0,0,0,0,1
"455","DPP4",1,1,1,1,0,1,1,1,1,1,1
"456","RPL10",1,1,1,1,1,1,1,1,0,0,1
"457","CD82",1,1,1,1,1,1,1,1,1,1,1
"458","CAD",1,1,1,1,1,0,1,1,0,0,1
"459","CALR",1,1,0,1,0,1,1,1,0,1,0
"460","CANX",1,1,1,1,1,1,1,1,1,1,0
"461","PSMB8",1,0,0,1,0,0,0,0,1,0,0
"462","PSMB9",1,0,0,1,0,0,0,0,0,0,0
"463","PSMA5",1,1,1,1,0,0,0,0,0,0,0
"464","HLA-DMA",1,0,0,1,0,1,0,0,0,0,0
"465","GSTM2",1,0,1,1,1,0,0,1,0,1,1
"466","TMOD1",1,0,0,1,0,1,0,0,0,0,1
"467","LOX",1,0,0,0,0,0,0,0,1,0,0
"468","NDUFS1",1,1,1,1,0,1,0,0,0,0,1
"469","MAPK1",1,1,1,1,1,1,1,1,1,0,1
"470","GCA",1,1,1,1,1,1,0,0,0,0,1
"471","LAP3",1,1,0,1,0,0,1,0,0,1,1
"472","CD34",1,1,1,1,0,1,1,0,0,1,1
"473","CD38",1,1,0,1,0,1,0,1,1,0,1
"474","TPP2",1,0,1,1,1,0,1,1,0,0,0
"475","EPHA2",1,1,0,1,1,1,1,0,0,0,0
"476","EPHB2",1,0,1,1,0,1,1,1,0,0,1
"477","PTPN6",1,0,1,0,1,1,0,1,0,0,1
"478","CRABP2",1,1,0,1,0,0,1,1,0,0,1
"479","TKT",1,0,0,0,0,1,1,0,1,1,0
"480","TYK2",1,0,0,0,1,0,0,0,0,0,1
"481","OAS2",1,0,1,0,1,1,0,0,1,0,1
"482","MARCKS",1,1,0,1,1,1,1,1,1,1,0
"483","AQP1",1,1,1,1,1,1,1,1,1,1,0
"484","GNA11",1,1,1,1,1,1,1,1,1,1,1
"485","ERP29",1,0,1,1,0,0,1,0,0,0,1
"486","PRDX6",1,1,0,1,0,0,1,1,1,1,0
"487","PRDX5",1,0,1,1,1,0,1,0,1,1,1
"488","ECHS1",1,1,0,1,1,0,0,0,0,0,1
"489","PEBP1",1,1,0,1,1,1,1,1,0,0,0
"490","PDIA3",1,1,1,0,1,0,1,1,1,1,1
"491","PPP2R1A",1,1,0,1,1,1,1,1,1,1,0
"492","TM4SF1",1,1,1,1,1,0,1,1,1,0,1
"493","HLA-F",1,0,1,0,1,0,0,0,0,0,1
"494","HMOX2",1,1,0,1,0,1,0,0,0,0,1
"495","LRPAP1",1,0,1,1,0,0,0,0,0,0,1
"496","TSPO",1,0,1,1,1,1,0,0,0,0,0
"497","SRI",1,1,1,1,1,0,1,1,0,1,1
"498","GSTT1",1,0,1,1,0,1,0,0,0,0,1
"499","SERPINB1",1,1,1,1,0,1,1,1,1,0,0
"500","SDHA",1,0,1,0,1,0,0,0,0,0,1
"501","CORO1A",1,1,0,1,1,0,1,0,1,1,1
"502","GDI1",1,1,0,1,1,0,1,0,0,0,1
"503","DNAJA1",1,1,1,1,1,1,1,1,1,0,1
"504","UQCRC1",1,1,1,1,1,1,0,0,0,0,1
"505","ATIC",1,1,1,1,1,1,1,1,1,0,1
"506","HNRNPH1",1,0,1,1,1,1,1,1,0,0,1
"507","STIP1",1,1,1,1,0,1,1,1,1,1,0
"508","FCGR2B",1,0,0,1,0,1,0,1,1,1,1
"509","CEACAM8",1,1,0,1,0,0,0,0,0,0,0
"510","PRDX2",1,1,0,0,1,0,1,1,1,1,1
"511","SLC8A1",1,0,0,0,0,1,0,0,1,0,0
"512","GBP1",1,1,0,1,1,0,1,1,0,1,1
"513","ICAM3",1,1,0,0,0,0,0,0,0,0,0
"514","RPL9",1,1,1,1,1,0,1,1,0,0,1
"515","ACSL1",1,1,1,1,1,1,0,0,0,0,0
"516","KIF5B",1,0,0,0,1,0,1,1,0,0,1
"517","LSP1",1,1,1,1,0,1,1,0,0,1,1
"518","ABCC1",1,1,1,1,0,1,1,0,0,0,1
"519","KDELR2",1,1,1,1,1,1,0,0,0,0,0
"520","CD68",1,1,1,1,1,1,1,1,0,1,1
"521","EVI2B",1,0,1,1,1,0,0,1,1,1,1
"522","HSPA4",1,1,0,1,1,1,1,0,1,1,0
"523","GPC1",1,0,0,0,0,0,0,0,0,0,0
"524","CTNNA1",1,1,1,1,0,1,1,1,1,1,0
"525","CTNNB1",1,1,1,1,1,1,1,1,1,1,0
"526","PHB1",1,1,1,1,1,1,1,0,0,1,1
"527","SERPINB6",1,0,1,1,1,0,1,1,0,0,1
"528","RDX",1,1,1,1,1,1,1,1,1,1,1
"529","RPL22",1,0,1,1,1,0,1,0,1,0,1
"530","FBN1",1,1,1,0,1,1,0,1,1,1,1
"531","MYH10",1,1,0,1,1,0,1,1,1,1,0
"532","COPB2",1,1,1,0,1,0,1,1,0,0,0
"533","SOAT1",1,0,0,0,1,1,0,0,0,0,0
"534","ADD1",1,1,1,1,1,1,1,1,1,1,1
"535","BSG",1,1,1,1,1,1,1,1,1,1,1
"536","GGT5",1,0,1,1,0,1,1,0,0,0,0
"537","ARL3",1,0,0,1,0,0,0,0,0,0,1
"538","RPL4",1,1,1,1,1,1,1,1,0,0,1
"539","PGM1",1,1,1,1,1,1,1,0,1,1,1
"540","PPP1CC",1,1,1,0,0,0,0,0,0,0,1
"541","DLST",1,1,0,0,0,1,0,0,0,1,1
"542","GPX4",1,1,1,1,0,0,1,1,0,0,1
"543","HPCAL1",1,1,1,1,1,1,1,1,0,0,1
"544","TAGLN2",1,1,0,0,1,0,1,0,1,1,1
"545","ATP6V1A",1,1,1,1,1,1,1,1,1,1,0
"546","HSPA9",1,1,1,1,1,1,1,0,0,0,0
"547","EIF4A3",1,0,1,0,0,1,0,1,0,0,0
"548","RPL3",1,1,1,1,1,1,1,1,0,0,1
"549","DDOST",1,1,1,1,1,1,1,0,0,0,1
"550","CAPG",1,1,1,1,1,0,1,1,1,1,0
"551","IL6ST",1,1,1,1,1,1,1,0,0,0,0
"552","CCT6A",1,0,1,1,0,0,1,0,1,0,0
"553","NNMT",1,1,1,1,1,0,1,0,0,0,0
"554","ARL1",1,0,1,1,1,1,0,0,0,0,1
"555","STAT3",1,1,0,1,1,0,1,1,1,1,1
"556","MDH1",1,1,0,1,1,1,1,1,1,1,1
"557","MDH2",1,1,0,1,1,1,1,1,0,0,1
"558","HADHA",1,1,1,1,1,1,1,0,0,1,1
"559","EIF2S3",1,0,1,1,1,1,1,1,1,0,0
"560","CD200",1,1,1,1,1,1,1,0,0,1,1
"561","IARS1",1,1,1,1,1,0,0,1,0,0,1
"562","PRKCI",1,0,0,1,1,1,1,0,0,0,1
"563","STAT1",1,0,0,0,1,0,1,1,1,1,1
"564","PI4KA",1,1,1,1,0,1,1,0,1,0,1
"565","EPS15",1,0,1,1,1,1,0,0,0,0,0
"566","RPS27",1,0,1,0,1,1,0,1,0,0,0
"567","FRK",1,0,0,0,0,0,0,0,0,0,0
"568","GPD2",1,0,0,1,1,0,0,0,0,0,1
"569","ALDH3B1",1,1,1,1,1,1,1,0,1,0,1
"570","SYK",1,1,0,0,0,0,0,0,1,0,1
"571","VDAC2",1,1,1,1,1,0,0,1,0,1,0
"572","USP5",1,1,1,1,1,1,1,1,0,0,1
"573","NSF",1,0,1,1,0,1,1,0,0,0,1
"574","RPL5",1,0,1,1,1,0,1,1,0,0,1
"575","RPL21",1,1,1,0,1,1,1,1,0,0,1
"576","RPL28",1,1,1,1,1,1,0,1,0,0,1
"577","RPS9",1,1,1,1,1,1,1,1,0,0,1
"578","RPS5",1,1,1,1,1,0,0,0,0,0,1
"579","RPS10",1,0,1,1,1,0,1,0,1,1,1
"580","STT3A",1,1,1,0,1,1,1,0,0,0,1
"581","CAPZA2",1,1,1,1,1,1,1,1,1,1,1
"582","CAPZB",1,1,0,1,0,1,1,0,1,1,1
"583","UQCRFS1",1,0,0,1,0,1,0,0,0,0,0
"584","ATP5PO",1,0,0,1,0,1,0,0,0,0,0
"585","LIMS1",1,0,1,1,1,0,1,0,0,0,1
"586","TM4SF4",1,0,0,0,0,0,0,0,0,0,0
"587","PIP4K2A",1,0,0,1,1,1,1,0,0,1,1
"588","ARCN1",1,1,1,1,1,1,0,1,0,0,1
"589","CD151",1,1,1,1,1,1,1,1,1,1,1
"590","CCT5",1,1,1,1,0,0,1,0,1,1,0
"591","IDH2",1,1,1,1,0,1,1,0,1,1,1
"592","ADGRE5",1,1,1,1,1,1,1,0,1,1,1
"593","MARCKSL1",1,0,1,1,0,1,1,1,0,1,1
"594","DNASE1L1",1,1,1,1,0,0,1,0,0,1,0
"595","ALDH9A1",1,1,1,1,1,1,1,0,0,0,1
"596","LMAN1",1,1,0,1,1,1,1,0,0,1,0
"597","NASP",1,0,0,0,0,0,0,0,0,0,0
"598","FASN",1,1,1,1,1,1,0,1,0,1,1
"599","CCT3",1,1,1,1,1,1,1,1,1,1,1
"600","TUFM",1,1,0,1,1,1,0,0,0,1,1
"601","ALDH7A1",1,0,1,1,1,1,1,1,0,0,1
"602","AARS1",1,1,1,1,1,1,1,0,1,0,0
"603","SARS1",1,1,1,1,1,1,1,1,1,0,1
"604","PSMB2",1,1,0,1,0,0,1,0,0,1,0
"605","THBS3",1,0,0,0,0,0,0,0,0,0,0
"606","ACADVL",1,1,1,1,1,1,1,0,0,0,1
"607","TMED10",1,1,1,1,1,1,1,1,0,1,1
"608","RANBP2",1,0,0,1,0,0,0,0,0,0,0
"609","GNAQ",1,1,1,1,1,1,1,1,1,1,1
"610","GNG10",1,1,0,1,1,0,0,0,0,0,1
"611","CRIP1",1,1,1,0,0,0,0,1,0,0,1
"612","GDI2",1,1,1,0,0,1,1,0,1,1,0
"613","CPT1A",1,0,1,1,1,1,0,0,0,0,1
"614","SERPINB9",1,0,0,1,0,0,0,0,1,0,1
"615","SERPINH1",1,0,0,1,1,0,1,0,1,1,0
"616","ST13",1,1,1,1,1,1,1,0,1,0,1
"617","VASP",1,1,1,1,1,1,1,1,0,1,1
"618","DNM2",1,1,1,1,1,1,1,1,0,1,1
"619","BCAM",1,1,1,1,0,1,1,0,0,1,0
"620","RPL14",1,0,1,0,1,0,1,0,0,0,1
"621","CCT8",1,1,1,1,1,0,1,1,1,1,1
"622","CCT4",1,1,1,1,1,0,1,0,1,1,1
"623","ANXA11",1,1,1,1,0,1,1,1,1,1,1
"624","RAB5C",1,1,1,1,1,0,1,0,1,1,0
"625","RAB7A",1,1,1,1,1,0,1,0,1,1,1
"626","PLCD1",1,1,1,1,1,1,1,0,0,1,1
"627","SSR4",1,1,1,1,1,1,1,0,0,1,1
"628","BCAP31",1,1,1,1,1,1,1,1,0,1,1
"629","CAV2",1,1,1,1,1,1,0,0,0,0,0
"630","HSD17B4",1,1,1,1,1,0,1,0,0,0,1
"631","VAMP7",1,0,1,1,1,1,0,0,0,0,0
"632","RPS6KA3",1,0,0,1,1,1,1,0,0,0,0
"633","HNRNPA3",1,1,0,0,1,1,0,1,0,0,1
"634","PGD",1,1,1,1,1,1,1,0,1,1,1
"635","HNRNPM",1,1,1,1,0,1,0,1,0,0,1
"636","ARHGDIA",1,1,1,0,1,1,1,1,1,1,1
"637","ARHGDIB",1,1,1,1,1,1,1,1,1,1,1
"638","CAPZA1",1,1,0,1,1,0,1,0,1,1,0
"639","CRIP2",1,1,1,1,1,1,1,1,1,1,1
"640","SLC25A1",1,0,0,1,0,1,0,0,0,0,0
"641","ACLY",1,1,0,1,0,0,0,1,0,0,0
"642","COPB1",1,1,1,1,1,1,1,1,0,0,0
"643","COPA",1,1,1,1,1,1,1,0,0,0,0
"644","SLC16A1",1,1,1,1,1,1,1,1,1,1,1
"645","IST1",1,1,0,1,0,1,1,1,1,1,0
"646","RARS1",1,1,0,1,1,0,0,0,1,0,1
"647","CACNA2D1",1,1,1,1,1,1,1,1,0,1,1
"648","HSPA2",1,1,1,0,0,1,1,0,0,0,1
"649","ATP1B3",1,1,1,1,1,1,1,1,1,1,1
"650","EPHB4",1,0,1,1,1,0,1,0,0,0,1
"651","NAPA",1,1,1,1,1,1,0,1,1,0,1
"652","MFAP2",1,0,0,0,0,0,0,0,0,1,0
"653","SLC12A2",1,0,0,0,1,0,0,0,0,0,0
"654","CSE1L",1,0,1,1,1,1,1,0,1,1,1
"655","TMBIM6",1,0,0,1,0,0,0,0,0,0,1
"656","MFAP4",1,0,0,1,0,1,0,0,0,1,0
"657","MANF",1,1,0,1,1,1,0,0,0,0,1
"658","NCKAP1L",1,1,0,1,1,0,1,1,1,0,0
"659","AFDN",1,0,0,0,1,0,1,1,1,0,1
"660","NAP1L1",1,1,1,1,0,0,1,0,1,1,0
"661","LAMB2",1,1,1,1,1,0,1,0,0,0,1
"662","SEC13",1,0,0,1,1,0,0,0,0,0,1
"663","NPEPPS",1,1,1,1,1,1,1,0,1,1,1
"664","HNRNPH2",1,0,0,0,0,0,0,1,0,0,0
"665","EIF3B",1,0,0,1,1,0,1,1,0,0,1
"666","FCGRT",1,1,1,1,1,1,1,0,0,0,1
"667","ATP5MF",1,1,1,1,1,1,0,0,0,0,1
"668","MARS1",1,1,1,0,1,0,0,1,0,0,0
"669","TMEM33",1,1,0,1,1,1,0,0,0,0,1
"670","EPPK1",1,0,0,1,1,1,0,1,1,0,1
"671","ANTXR2",1,1,0,1,0,0,0,0,0,0,0
"672","GNG2",1,1,1,1,1,1,1,0,1,1,1
"673","ARPC4",1,1,0,0,1,1,1,0,1,1,0
"674","CD81",1,1,1,1,1,1,1,1,1,1,1
"675","SEC61G",1,0,1,1,0,0,0,0,0,0,1
"676","PSMA6",1,1,0,1,0,1,1,0,0,1,0
"677","S100A10",1,1,1,1,1,0,1,1,1,1,1
"678","CDC42",1,1,1,1,1,1,1,0,1,1,1
"679","DSTN",1,1,1,1,1,1,1,1,0,0,1
"680","GMFB",1,0,0,1,1,0,0,0,0,0,1
"681","RAB8A",1,1,1,1,1,1,1,1,1,1,1
"682","RAB2A",1,1,1,1,1,0,1,1,1,0,1
"683","RAB5B",1,1,1,1,1,1,1,1,1,1,0
"684","RAB10",1,1,1,1,1,1,0,0,1,1,1
"685","RAB14",1,1,1,1,1,1,1,1,0,0,1
"686","ACTR3",1,1,0,0,1,0,1,0,1,1,1
"687","ACTR2",1,1,0,1,1,1,1,0,1,0,1
"688","ACTR1A",1,1,1,0,1,1,1,1,1,1,1
"689","RAP1B",1,1,1,1,1,0,1,0,1,1,1
"690","RAP2B",1,1,1,1,1,1,1,1,1,1,1
"691","RPS3A",1,1,1,1,1,0,1,0,1,1,1
"692","RPL26",1,0,0,0,1,0,0,1,0,0,1
"693","RPL15",1,1,1,1,0,0,1,1,0,1,0
"694","RPL27",1,0,0,0,1,1,1,1,0,0,1
"695","ATP6V0D1",1,1,1,1,1,1,0,0,0,0,1
"696","RHOA",1,1,1,1,1,1,1,1,1,1,1
"697","HSPE1",1,0,0,1,1,0,1,0,0,1,1
"698","SEC61A1",1,1,0,1,1,0,0,0,0,0,1
"699","LYZ",1,1,1,1,1,0,1,0,0,1,1
"700","COPZ1",1,1,1,1,1,1,1,0,0,0,1
"701","YWHAG",1,1,0,1,1,1,1,0,1,1,0
"702","RRAS2",1,1,1,1,1,1,1,1,1,1,1
"703","RPS7",1,1,1,1,1,1,1,1,1,1,1
"704","PPP1CA",1,1,1,1,1,1,1,1,0,0,1
"705","PPP1CB",1,1,0,1,1,0,1,0,1,1,1
"706","PSMC5",1,0,1,1,1,0,0,1,0,0,1
"707","RPS15A",1,0,1,1,1,1,0,0,0,0,1
"708","RPS16",1,1,1,1,1,0,1,0,1,1,1
"709","RPS14",1,0,1,1,1,0,1,0,1,0,0
"710","RPS23",1,0,1,1,0,1,1,1,0,0,1
"711","RPS18",1,0,1,1,1,0,1,0,1,0,0
"712","RPS13",1,1,1,1,1,1,1,0,1,0,1
"713","RPS11",1,1,1,1,1,1,1,1,1,0,0
"714","SNRPD1",1,0,0,0,1,1,0,1,0,0,1
"715","TMSB4X",1,1,1,1,1,1,1,1,1,1,1
"716","ARF6",1,1,1,1,1,1,1,1,1,1,1
"717","SELENOT",1,0,0,0,0,0,0,0,0,0,0
"718","RPL7A",1,1,1,1,1,1,1,1,0,0,1
"719","RPS4X",1,1,1,1,1,0,1,0,1,1,1
"720","RHOB",1,0,0,1,0,0,0,0,0,1,0
"721","RPL23A",1,0,0,0,0,0,1,0,0,0,0
"722","H4C1",1,1,0,1,0,0,0,0,0,0,0
"723","RAN",1,0,1,1,0,1,1,0,1,0,1
"724","RPL23",1,1,1,1,1,0,1,0,1,1,1
"725","RAP1A",1,0,1,0,1,1,1,1,0,1,0
"726","RPS24",1,0,1,1,1,1,1,1,0,0,1
"727","RPS26",1,1,1,1,1,1,1,1,1,1,1
"728","RPS28",1,0,0,1,1,0,1,0,0,0,1
"729","GNB1",1,1,1,1,1,1,1,1,1,1,0
"730","GNB2",1,1,1,1,0,1,1,0,1,1,1
"731","RPL30",1,1,1,1,1,1,1,1,1,0,1
"732","RPL10A",1,0,0,1,1,1,0,1,1,0,1
"733","RPL32",1,1,0,1,1,1,1,1,0,0,1
"734","RPL11",1,1,1,1,1,0,0,0,0,0,1
"735","RPL8",1,1,1,1,1,1,1,1,1,1,1
"736","RPS27A",1,1,0,1,1,0,1,0,1,1,1
"737","GRB2",1,1,1,1,1,1,0,1,1,1,1
"738","RAC1",1,1,1,1,1,1,1,1,1,1,1
"739","AP2B1",1,1,1,1,1,1,1,1,1,1,1
"740","GNAI1",1,1,1,1,1,1,1,1,1,1,1
"741","DYNLL1",1,1,1,1,1,0,1,1,1,1,1
"742","SKP1",1,1,1,1,1,1,1,0,0,0,1
"743","EIF5A",1,1,1,0,1,1,1,0,1,1,1
"744","YBX1",1,1,0,1,1,0,1,0,1,1,1
"745","SEC11A",1,1,1,1,0,1,1,0,0,0,1
"746","CSNK2B",1,0,0,0,0,0,0,0,0,0,1
"747","UBE2L3",1,0,0,1,1,1,0,0,0,0,1
"748","CSNK2A1",1,1,1,1,1,1,0,1,0,0,0
"749","H3C1",1,0,1,1,0,0,1,0,1,1,1
"750","CXADR",1,0,1,1,0,1,1,0,1,0,0
"751","SIRPA",1,1,1,1,0,1,1,0,1,1,1
"752","EIF4G2",1,0,1,0,0,0,0,0,0,0,1
"753","CCT2",1,0,1,1,0,0,1,1,1,1,0
"754","GSTO1",1,1,1,1,1,1,1,1,1,1,1
"755","PRKDC",1,1,1,1,1,1,0,1,0,0,0
"756","HLA-DRB3",1,1,1,1,1,1,1,1,1,1,1
"757","NUCB2",1,1,1,0,1,1,0,0,0,0,1
"758","ARF5",1,1,1,1,1,1,1,1,1,0,1
"759","RHOG",1,1,1,1,1,1,1,1,1,1,1
"760","H3-3A",1,0,1,1,1,1,1,0,1,1,1
"761","FBLN2",1,0,0,1,1,1,0,0,1,1,0
"762","EFNB1",1,1,0,0,1,0,1,0,0,0,1
"763","MPP1",1,1,1,1,1,1,1,1,1,1,0
"764","PITPNA",1,1,1,1,0,1,1,0,0,1,1
"765","SLC25A3",1,1,1,1,1,1,0,0,0,0,1
"766","PURA",1,0,0,0,1,1,0,0,0,0,0
"767","REEP5",1,1,1,1,1,1,0,1,0,1,1
"768","HNRNPU",1,0,0,1,1,0,1,0,0,0,1
"769","SPTBN1",1,1,1,0,1,0,1,0,1,1,1
"770","FABP5",1,0,1,1,0,0,1,1,0,0,1
"771","IFITM3",1,1,0,1,1,1,1,0,1,1,0
"772","SLC7A5",1,1,0,0,1,1,0,1,1,0,1
"773","PLCB3",1,1,1,1,1,1,1,0,0,0,1
"774","RPL18A",1,1,1,1,1,0,0,1,0,0,1
"775","FKBP4",1,0,1,0,0,0,0,0,1,0,0
"776","PLOD1",1,0,1,1,1,1,0,0,0,0,0
"777","NUCB1",1,1,1,1,1,1,0,0,0,0,0
"778","RPL6",1,1,1,1,1,1,1,1,0,0,1
"779","AKAP12",1,0,1,0,0,1,1,0,1,1,1
"780","SLC25A11",1,1,1,1,1,1,1,0,0,1,1
"781","CAV1",1,1,1,1,1,1,1,1,0,1,0
"782","TNFAIP2",1,1,1,1,1,1,1,1,1,1,1
"783","PLAUR",1,1,0,1,1,1,1,1,1,0,1
"784","TAP1",1,1,1,1,0,1,0,0,0,0,0
"785","TAP2",1,1,1,1,1,1,0,0,0,0,1
"786","EIF4G1",1,0,1,0,1,1,0,1,0,0,0
"787","GLO1",1,1,1,1,0,1,1,0,0,1,1
"788","YWHAH",1,1,1,1,1,1,1,0,1,1,0
"789","KDSR",1,0,1,1,0,0,0,0,0,0,1
"790","PSME1",1,1,1,1,0,1,1,1,1,1,1
"791","PRDX1",1,1,0,1,1,1,1,0,1,1,1
"792","RPL18",1,1,1,1,1,1,1,0,0,1,1
"793","C1QBP",1,0,1,0,1,0,1,0,0,1,0
"794","CKAP4",1,1,1,1,1,1,1,0,0,1,0
"795","KHDRBS1",1,0,1,0,1,1,0,1,0,0,1
"796","LRP1",1,1,0,0,1,0,1,0,0,0,0
"797","ARHGAP1",1,1,1,1,1,1,1,1,0,0,1
"798","TGM3",1,0,0,1,1,0,1,0,0,1,1
"799","DHX9",1,0,1,0,0,1,0,1,0,0,1
"800","CRYZ",1,0,0,1,0,0,0,0,0,0,0
"801","GOLGA3",1,0,0,0,0,0,0,0,0,0,0
"802","GOLGA2",1,0,0,1,0,0,0,0,0,0,0
"803","MFGE8",1,1,1,1,1,1,1,1,1,1,0
"804","AHNAK",1,1,0,1,0,0,1,1,1,1,0
"805","GALNT2",1,0,0,0,0,0,0,0,0,0,0
"806","GALNT1",1,0,1,1,1,1,0,0,0,0,0
"807","AP1B1",1,1,1,0,1,1,0,0,0,0,1
"808","BST1",1,1,1,1,1,1,1,1,1,1,1
"809","BST2",1,1,1,1,1,1,1,1,1,1,1
"810","TWF1",1,1,1,1,1,0,1,1,1,1,1
"811","ASPH",1,1,1,1,1,1,1,0,0,1,1
"812","FSTL1",1,0,0,0,0,0,0,0,0,0,0
"813","STX4",1,1,1,1,0,1,1,1,1,1,1
"814","FAP",1,1,1,1,1,1,1,0,0,1,1
"815","LMAN2",1,1,1,1,1,1,1,0,0,1,1
"816","PTPRJ",1,1,1,1,1,1,1,1,1,1,1
"817","EPS8",1,0,0,1,1,1,1,1,1,0,1
"818","DLG1",1,1,0,1,0,1,0,0,0,0,1
"819","PTP4A2",1,1,0,0,1,1,1,0,0,0,1
"820","ECH1",1,1,0,1,1,1,0,0,0,0,1
"821","AIMP2",1,1,0,1,1,1,0,1,0,0,1
"822","PRDX4",1,1,1,1,1,1,0,0,0,1,1
"823","CBX3",1,0,0,0,0,0,0,0,0,0,0
"824","STX5",1,0,1,1,0,0,0,0,0,0,1
"825","PSMD2",1,1,0,0,0,0,0,1,0,0,1
"826","MMRN1",1,0,0,0,0,0,0,0,0,0,0
"827","SELENBP1",1,1,1,1,1,1,1,1,1,1,0
"828","TRIM28",1,0,0,0,0,0,0,0,0,0,0
"829","STX3",1,1,0,1,1,1,1,1,0,1,1
"830","KCNAB2",1,0,0,1,0,0,0,0,0,0,1
"831","PTK7",1,1,1,1,1,0,1,1,1,1,1
"832","PTPRS",1,0,0,0,0,0,0,0,0,0,0
"833","DYNC1I2",1,0,1,1,1,0,0,1,0,0,1
"834","ILK",1,1,1,1,1,1,1,1,1,1,1
"835","NNT",1,1,1,1,1,1,0,0,0,0,0
"836","SNTB2",1,1,0,0,0,0,0,0,0,0,0
"837","SLC39A6",1,0,0,1,0,0,0,0,0,0,1
"838","ADAM9",1,0,0,0,1,1,1,0,0,0,0
"839","TMED1",1,1,0,1,0,0,0,0,0,0,1
"840","LSAMP",1,1,1,1,0,1,1,0,0,0,1
"841","TCIRG1",1,1,1,1,1,1,0,0,0,0,0
"842","PICALM",1,1,1,1,1,1,1,1,0,0,1
"843","SQSTM1",1,0,0,0,1,0,0,1,0,0,0
"844","ASAH1",1,1,1,1,0,0,0,0,0,0,1
"845","CAMK2D",1,0,1,1,1,1,1,0,0,0,0
"846","DCTN2",1,1,1,1,1,1,1,1,0,0,1
"847","CUL3",1,0,0,1,0,1,1,0,0,0,1
"848","TPBG",1,1,1,1,0,1,1,0,1,0,0
"849","FHL1",1,1,0,1,0,1,1,0,1,0,1
"850","MOGS",1,1,1,1,1,1,1,0,0,1,1
"851","ALCAM",1,1,0,0,0,0,0,0,0,0,0
"852","LAMB3",1,0,0,0,0,0,0,0,1,0,1
"853","SPTAN1",1,1,0,1,1,0,1,0,1,0,0
"854","COTL1",1,0,1,1,1,1,0,1,1,0,1
"855","SCARB2",1,1,1,1,1,1,1,0,0,1,1
"856","NID2",1,0,1,1,1,0,0,0,0,1,0
"857","DPYS",1,0,1,1,0,1,1,0,0,0,0
"858","EIF3A",1,0,1,1,1,1,1,1,0,0,1
"859","ARHGEF7",1,0,1,0,0,0,0,0,0,0,0
"860","EFR3A",1,1,1,1,1,1,1,1,0,0,1
"861","SCRIB",1,1,0,0,1,0,0,0,0,0,1
"862","MLEC",1,1,1,1,1,1,1,0,0,1,1
"863","FHL2",1,0,0,0,0,0,0,0,0,0,0
"864","DYNC1H1",1,1,1,1,1,0,1,1,1,1,1
"865","EIF4A2",1,0,1,1,1,1,0,0,0,0,1
"866","FLOT2",1,1,1,1,1,1,1,1,1,1,1
"867","RCN2",1,0,0,0,0,0,0,0,0,0,1
"868","FGL2",1,0,0,1,0,0,0,0,0,1,0
"869","FLNC",1,1,0,0,1,0,1,0,1,1,1
"870","FKBP8",1,0,0,0,0,0,0,0,0,0,0
"871","GNA13",1,1,1,1,1,1,1,1,1,1,1
"872","PDIA5",1,0,0,0,0,1,0,0,0,0,1
"873","ITPR2",1,0,0,0,0,0,0,0,0,0,0
"874","ITPR3",1,0,0,0,0,0,0,0,0,0,0
"875","CLINT1",1,0,0,0,1,1,0,0,0,0,0
"876","MESD",1,0,0,0,0,0,0,0,0,0,1
"877","GANAB",1,1,1,1,1,1,1,1,0,1,0
"878","RFTN1",1,1,1,1,1,1,1,1,1,1,1
"879","MFSD10",1,1,1,1,0,1,0,0,0,0,1
"880","MVP",1,1,1,0,1,0,1,1,1,1,1
"881","GOLGB1",1,0,1,0,0,0,0,0,0,0,0
"882","LASP1",1,1,1,1,1,1,1,0,0,0,0
"883","KPNB1",1,1,1,1,0,0,1,0,1,1,0
"884","NUMA1",1,0,1,1,1,0,0,0,0,0,0
"885","GAPVD1",1,0,0,0,0,0,0,0,0,0,0
"886","SPCS2",1,1,1,1,1,1,0,0,0,0,1
"887","SEPTIN2",1,1,0,1,0,0,1,0,1,1,1
"888","SNX17",1,0,1,1,0,1,1,0,0,0,0
"889","ARL6IP1",1,1,0,0,1,1,0,0,0,0,1
"890","SLC39A14",1,1,1,1,1,0,1,1,0,1,1
"891","KARS1",1,0,0,0,1,0,0,1,0,0,0
"892","PDIA6",1,1,1,1,1,1,1,0,0,1,0
"893","EBP",1,0,0,1,1,1,0,0,0,0,1
"894","NOMO1",1,1,1,1,0,1,0,0,0,0,1
"895","PON2",1,1,1,1,1,1,0,0,1,0,0
"896","PPA1",1,1,1,1,0,1,1,1,1,1,1
"897","PTGES3",1,0,1,1,1,0,0,1,0,0,0
"898","RAB35",1,1,0,0,1,1,1,1,0,1,1
"899","RCN1",1,1,1,1,1,1,1,0,1,0,1
"900","TMED2",1,1,1,1,1,1,0,0,0,1,1
"901","PCBP1",1,0,1,1,1,0,1,0,1,0,1
"902","ELOB",1,0,1,1,1,0,0,1,1,1,1
"903","DHCR24",1,0,0,0,0,0,0,0,0,0,0
"904","SF3B3",1,0,0,0,1,0,0,0,0,0,0
"905","CNN3",1,0,1,1,0,0,1,0,0,0,0
"906","RPS6KA1",1,0,0,1,0,0,0,0,0,0,0
"907","SEC23A",1,1,0,1,1,0,1,1,0,1,1
"908","SEC23B",1,0,0,0,1,0,0,1,0,0,0
"909","SLC9A3R2",1,1,0,1,1,1,1,1,1,1,1
"910","TRAM1",1,0,0,0,1,0,0,0,0,0,0
"911","TSN",1,0,0,0,1,0,0,0,0,0,1
"912","TRIP10",1,1,0,0,0,0,0,0,0,0,1
"913","MAPRE1",1,1,1,0,1,0,1,1,0,0,1
"914","NSDHL",1,0,0,0,0,1,0,0,0,0,1
"915","SLC1A5",1,1,1,1,1,1,1,1,1,1,1
"916","STXBP2",1,1,1,1,1,1,1,1,1,1,1
"917","VAMP3",1,0,1,1,1,1,1,1,1,1,1
"918","NEDD8",1,1,1,1,1,1,1,0,0,0,1
"919","ATP6AP1",1,0,0,0,0,0,0,0,0,0,0
"920","RAB11B",1,1,1,1,1,0,1,1,1,1,1
"921","ZYX",1,0,1,1,0,0,0,0,0,0,1
"922","SEPTIN7",1,1,1,1,1,1,1,0,1,1,0
"923","UAP1",1,0,0,0,0,0,0,0,0,0,0
"924","LAMA4",1,0,1,1,0,0,1,0,0,1,0
"925","PSMD5",1,1,1,1,1,1,1,1,0,1,0
"926","SYPL1",1,0,1,1,1,1,1,0,0,0,1
"927","DBN1",1,1,1,0,0,1,1,1,0,0,1
"928","PTGIS",1,1,1,1,1,1,1,0,0,1,0
"929","FSCN1",1,1,1,1,1,1,1,0,0,1,0
"930","MAN2A1",1,0,0,0,0,0,0,0,0,0,0
"931","NDUFA9",1,0,0,1,0,0,0,0,0,0,0
"932","UGP2",1,1,0,1,1,0,1,0,1,1,1
"933","AOC3",1,1,1,1,1,1,0,0,0,1,0
"934","TXNRD1",1,0,0,1,1,1,1,0,0,0,1
"935","IMMT",1,1,1,1,1,1,1,0,0,1,1
"936","C5orf64",1,0,0,0,0,0,0,0,0,0,0
"937","WASHC4",1,0,1,0,0,0,0,0,0,0,0
"938","HLA-DRB5",1,1,1,1,1,1,1,1,1,1,1
"939","P3H1",1,1,1,1,0,0,0,0,0,1,0
"940","TKFC",1,1,1,1,1,1,1,1,0,0,1
"941","TIMM50",1,1,0,1,0,0,0,0,0,0,0
"942","TBC1D10B",1,0,0,0,0,0,0,0,0,0,1
"943","ANO6",1,1,1,1,1,1,1,1,1,1,1
"944","RFTN2",1,0,1,0,0,0,0,0,1,0,1
"945","PDCD4",1,0,1,0,0,1,0,0,0,0,0
"946","SLC44A4",1,0,0,1,0,0,1,1,0,1,0
"947","HSD17B12",1,1,1,1,1,1,1,0,0,0,1
"948","AGK",1,0,0,1,0,0,0,0,0,0,1
"949","RAB6C",1,0,1,1,0,0,0,1,0,0,1
"950","CYBRD1",1,1,1,1,1,1,1,1,0,1,1
"951","WDR81",1,0,0,0,0,0,0,0,0,0,0
"952","C5orf47",1,0,0,1,1,0,0,0,1,1,0
"953","HSP90AB2P",1,0,0,1,0,1,1,0,0,0,0
"954","TMEM97",1,0,0,0,0,0,0,0,0,0,0
"955","MEST",1,1,1,1,0,1,0,0,0,0,1
"956","CRB2",1,0,1,1,1,1,1,0,0,1,1
"957","MIA3",1,0,0,0,0,0,0,0,0,0,0
"958","GNAS",1,1,1,1,1,1,1,1,1,1,1
"959","SLC27A3",1,0,0,0,0,0,0,0,0,0,0
"960","COLEC12",1,0,1,1,0,0,1,0,0,0,0
"961","ODR4",1,0,0,0,0,0,0,0,0,0,0
"962","FKBP15",1,0,1,1,1,0,0,0,0,0,0
"963","MPP7",1,0,0,0,0,0,0,0,0,0,0
"964","UBR4",1,0,0,1,1,0,0,1,0,0,0
"965","WLS",1,0,0,0,0,0,0,0,0,0,0
"966","H3-7",1,1,1,1,0,0,1,0,1,0,1
"967","ANXA8L1",1,1,1,1,1,1,1,0,0,1,1
"968","IRAK1BP1",1,1,0,0,0,1,0,0,0,0,0
"969","BROX",1,0,0,1,1,0,1,1,1,1,1
"970","CARMIL1",1,0,0,0,0,0,1,1,0,0,0
"971","CD276",1,1,1,1,1,1,1,1,1,1,0
"972","STEAP3",1,0,0,0,1,0,0,0,0,0,0
"973","STEAP4",1,1,1,1,0,1,1,1,1,1,1
"974","ATL3",1,1,1,1,1,1,1,0,0,1,1
"975","LAMTOR1",1,1,1,1,1,1,0,0,0,0,0
"976","TWF2",1,0,0,1,1,1,1,0,0,0,1
"977","RHBDD2",1,0,0,0,0,0,0,0,0,0,0
"978","SLC25A24",1,0,1,1,0,0,0,0,0,0,1
"979","RETSAT",1,0,0,1,0,0,0,0,0,0,0
"980","CAVIN1",1,1,0,0,1,0,1,1,0,1,0
"981","LPCAT3",1,1,1,1,0,0,1,0,0,0,1
"982","SLC27A4",1,0,0,0,0,0,0,0,0,0,0
"983","EDC4",1,1,0,1,0,0,0,0,0,0,1
"984","PRPF8",1,0,0,0,0,0,0,0,0,0,0
"985","PLBD1",1,0,0,0,0,0,0,0,0,0,0
"986","CNNM4",1,0,0,0,1,0,1,1,0,0,0
"987","MEAK7",1,1,1,1,1,1,1,1,0,0,1
"988","SLC27A1",1,0,0,1,0,0,1,0,0,0,0
"989","NCEH1",1,0,0,1,1,0,1,0,0,0,1
"990","AGTRAP",1,0,0,1,1,0,1,1,0,1,1
"991","SARM1",1,0,0,0,0,0,0,0,0,0,0
"992","CYP20A1",1,0,0,1,0,0,0,0,0,0,0
"993","TMEM205",1,1,1,1,1,1,0,0,0,0,1
"994","C16orf54",1,0,0,0,0,0,0,0,1,0,1
"995","SBSN",1,1,0,0,0,1,1,0,0,0,1
"996","OLFM4",1,1,1,1,1,1,1,1,0,0,1
"997","SEZ6L2",1,0,0,0,0,0,0,0,0,0,0
"998","HACD2",1,0,0,0,0,0,0,0,0,0,0
"999","CD109",1,1,1,1,1,1,1,0,1,1,1
"1000","RIPOR1",1,1,1,1,0,1,0,0,0,0,1
"1001","TMPPE",1,0,0,0,0,0,0,0,0,0,0
"1002","LHFPL2",1,1,0,1,0,0,0,0,1,0,1
"1003","VPS13C",1,0,1,1,0,1,1,1,0,0,0
"1004","IKBIP",1,0,1,1,0,0,0,0,0,0,1
"1005","H3C15",1,0,1,1,0,1,1,0,0,1,0
"1006","SND1",1,0,1,1,1,1,1,1,1,0,0
"1007","CYFIP1",1,1,1,1,1,1,1,1,1,1,1
"1008","LPCAT2",1,1,0,1,0,1,0,0,0,0,0
"1009","MOB1B",1,0,1,1,0,1,1,0,1,0,1
"1010","HS2ST1",1,1,1,1,0,1,0,0,0,0,0
"1011","ERMP1",1,0,0,0,0,0,0,0,0,0,0
"1012","ZC3HAV1",1,1,1,1,1,1,1,1,1,1,1
"1013","MYH14",1,1,0,1,1,1,0,0,1,0,0
"1014","CLASP1",1,0,0,0,0,0,0,0,0,0,0
"1015","GOLGA7",1,0,0,1,1,1,1,1,1,0,1
"1016","APBB1IP",1,1,0,0,0,0,1,0,1,0,1
"1017","HUWE1",1,0,1,1,1,0,1,1,0,0,0
"1018","TMED4",1,0,1,1,0,1,0,0,0,0,1
"1019","GALNT7",1,0,0,0,0,0,0,0,0,0,0
"1020","SYVN1",1,0,0,0,0,1,0,0,0,0,1
"1021","MTDH",1,0,0,0,0,0,0,0,0,0,0
"1022","KTN1",1,0,1,0,0,0,0,0,0,0,0
"1023","FERMT3",1,1,0,1,1,1,1,1,1,1,1
"1024","CAND1",1,1,0,1,0,0,1,0,1,1,0
"1025","RETREG3",1,0,0,0,0,0,0,0,0,0,0
"1026","THOC6",1,0,0,0,0,1,0,0,0,0,0
"1027","PKHD1L1",1,0,0,1,1,0,0,0,0,0,0
"1028","STING1",1,1,1,1,1,1,1,0,0,1,0
"1029","LSR",1,1,0,1,1,1,1,1,0,0,1
"1030","STX12",1,1,1,1,1,0,0,0,0,0,1
"1031","C2CD5",1,1,1,1,1,1,1,0,0,0,1
"1032","RHPN2",1,1,0,0,1,0,1,1,0,0,1
"1033","ERC1",1,0,0,0,0,0,1,0,1,0,0
"1034","MFN1",1,0,0,0,1,0,0,0,0,0,0
"1035","SLC44A2",1,1,1,1,1,1,1,1,1,1,0
"1036","DNAJC10",1,0,1,0,0,1,0,0,0,0,1
"1037","KIAA2013",1,0,0,0,0,0,0,0,0,0,0
"1038","ALDH16A1",1,1,0,1,0,0,0,1,0,0,0
"1039","PELP1",1,0,1,0,0,1,0,0,0,0,0
"1040","ABI1",1,1,1,1,1,1,1,1,1,1,1
"1041","ADGRG2",1,0,0,1,0,0,1,1,0,1,1
"1042","VKORC1L1",1,0,0,1,0,0,0,0,0,0,1
"1043","ORMDL3",1,1,1,1,0,1,0,0,0,0,0
"1044","CCAR2",1,0,0,1,0,0,0,0,0,0,1
"1045","SYS1",1,0,0,0,0,0,0,0,0,0,0
"1046","ABHD12",1,0,1,1,0,1,0,0,0,0,0
"1047","SLC43A2",1,1,0,1,0,0,0,0,0,0,1
"1048","PLCD3",1,0,0,1,0,1,0,0,0,0,1
"1049","PALS1",1,1,1,1,1,1,1,0,0,0,1
"1050","LILRB2",1,1,0,0,0,0,0,1,1,0,1
"1051","ARRDC1",1,0,0,1,1,0,1,1,1,0,0
"1052","CISD2",1,0,1,1,0,1,0,0,0,0,0
"1053","JAGN1",1,0,0,0,0,0,0,0,0,0,0
"1054","EMC1",1,0,0,1,0,0,0,0,0,0,1
"1055","ENAH",1,1,0,0,1,0,0,1,0,0,0
"1056","COLGALT1",1,1,1,1,1,1,1,0,0,0,1
"1057","SUMF2",1,0,1,0,0,0,0,0,0,0,1
"1058","POGLUT1",1,0,0,0,0,0,0,0,0,0,0
"1059","TMEM87A",1,0,0,0,0,0,0,0,0,0,0
"1060","HSD17B11",1,1,1,1,1,1,0,0,0,1,1
"1061","TXNDC5",1,1,1,0,1,1,0,0,0,1,0
"1062","SCCPDH",1,0,1,1,1,1,0,0,0,0,1
"1063","DAGLB",1,0,0,1,1,0,0,0,0,0,0
"1064","CCNY",1,1,1,1,1,1,1,1,0,1,1
"1065","MAPK1IP1L",1,0,0,0,0,0,0,0,0,0,1
"1066","NPEPL1",1,0,0,0,0,0,0,0,0,0,0
"1067","DIPK2A",1,0,0,0,0,0,0,0,0,0,0
"1068","SLC30A7",1,1,1,1,0,1,0,0,0,0,1
"1069","LPCAT1",1,0,0,0,1,0,0,0,0,0,0
"1070","GPRC5A",1,1,1,1,1,1,1,0,1,1,1
"1071","TOR1AIP2",1,1,1,0,0,0,0,0,0,0,1
"1072","ATL2",1,0,1,1,0,0,0,0,0,0,0
"1073","LILRB1",1,1,1,1,1,1,1,1,1,1,0
"1074","THOC2",1,0,0,0,0,0,0,0,0,0,0
"1075","PATJ",1,0,0,0,1,0,1,0,0,0,1
"1076","VANGL1",1,0,0,0,0,0,0,0,0,0,0
"1077","C12orf75",1,1,1,1,0,1,0,0,1,0,1
"1078","SLC35B2",1,0,0,0,0,0,0,0,0,0,0
"1079","GOLGA5",1,0,0,0,0,0,0,0,0,0,0
"1080","TMEM167A",1,0,0,0,0,0,0,0,0,0,0
"1081","RDH11",1,1,0,1,0,0,0,0,0,0,1
"1082","STT3B",1,1,1,1,0,1,1,0,0,0,1
"1083","HM13",1,1,1,1,1,0,0,0,0,1,0
"1084","PLEKHO2",1,1,1,1,1,1,1,1,1,1,1
"1085","DTX3L",1,0,1,0,0,0,0,0,0,0,0
"1086","EPS8L1",1,1,1,1,1,1,1,1,1,1,1
"1087","GPX8",1,0,0,1,0,1,0,0,0,0,0
"1088","CEMIP",1,0,0,0,0,0,0,1,0,1,1
"1089","PDCD6IP",1,1,1,0,1,0,1,1,1,1,1
"1090","LRRN4",1,1,1,1,1,1,1,0,1,1,0
"1091","SLC44A1",1,1,1,1,1,1,1,1,1,0,1
"1092","GIMAP1",1,0,1,0,0,0,0,0,0,0,0
"1093","MUC16",1,0,1,0,0,0,1,0,1,1,0
"1094","BRI3BP",1,1,1,1,1,1,0,0,0,0,0
"1095","SMPDL3B",1,1,1,1,1,1,1,1,1,1,1
"1096","SLC39A7",1,0,1,1,0,0,0,0,0,0,0
"1097","FAM3C",1,1,1,1,1,1,0,0,0,0,0
"1098","PSMF1",1,1,1,1,0,1,0,0,0,1,0
"1099","GBF1",1,0,0,0,0,0,0,0,0,0,0
"1100","NCSTN",1,1,1,1,1,1,1,1,0,1,1
"1101","TM9SF4",1,1,1,1,1,1,0,0,0,0,1
"1102","UBXN4",1,0,0,0,0,0,0,0,0,0,0
"1103","NDRG1",1,1,1,1,1,1,1,0,1,1,1
"1104","MYO18A",1,1,1,1,1,1,1,0,1,0,1
"1105","GCN1",1,0,1,0,1,1,0,0,0,0,0
"1106","PXDN",1,1,0,1,1,1,0,0,0,0,0
"1107","ALG3",1,0,0,0,0,0,0,0,0,0,0
"1108","NECTIN2",1,0,1,1,1,1,1,1,1,1,1
"1109","TFG",1,1,1,1,1,0,0,0,1,0,0
"1110","DDX17",1,0,1,0,0,1,0,1,0,0,0
"1111","GLG1",1,1,1,1,1,1,1,0,0,0,0
"1112","RAB8B",1,1,1,1,1,1,1,0,1,1,0
"1113","NINJ1",1,1,0,1,0,1,0,0,1,0,0
"1114","USP9X",1,0,0,0,1,1,0,1,0,0,0
"1115","ATP2A3",1,0,0,1,1,0,0,0,0,0,1
"1116","PIGT",1,0,0,0,0,1,0,0,0,0,0
"1117","NCLN",1,0,0,1,0,1,0,0,0,0,0
"1118","TMBIM1",1,0,1,1,1,1,1,0,1,1,1
"1119","ERGIC1",1,1,0,1,1,1,0,0,0,0,1
"1120","FAM162A",1,1,0,1,1,0,0,0,0,0,1
"1121","CCDC47",1,1,1,1,0,0,0,0,0,0,1
"1122","EXOC4",1,0,1,0,0,0,0,0,0,0,0
"1123","FERMT2",1,1,1,1,1,1,1,1,1,1,0
"1124","LRRC59",1,0,1,1,1,1,1,0,0,0,1
"1125","PBXIP1",1,1,0,0,0,0,0,0,0,0,1
"1126","FKBP10",1,0,0,1,0,0,0,0,0,0,1
"1127","AIDA",1,1,1,1,1,1,1,0,1,0,1
"1128","ISOC1",1,0,0,0,1,0,1,0,0,0,0
"1129","FAF2",1,1,1,1,1,0,0,0,0,0,1
"1130","AP2M1",1,1,1,1,1,0,1,1,1,1,1
"1131","KCTD12",1,1,0,0,1,0,1,0,1,1,0
"1132","HVCN1",1,1,1,1,0,0,1,0,0,0,1
"1133","CYFIP2",1,1,1,1,1,1,1,0,1,1,1
"1134","CPNE2",1,1,0,1,1,1,1,1,1,1,1
"1135","S100A16",1,1,1,1,1,1,1,1,1,1,1
"1136","PGM2",1,0,0,1,0,1,1,0,0,0,0
"1137","RUSF1",1,0,0,1,1,0,0,0,0,0,1
"1138","ERO1A",1,1,0,1,1,0,0,0,0,0,1
"1139","DDRGK1",1,0,1,1,1,1,0,0,0,0,0
"1140","ABHD14B",1,0,0,1,1,1,1,1,0,0,0
"1141","ATP5MK",1,0,1,1,0,0,0,0,0,0,1
"1142","ITCH",1,0,0,1,0,0,0,1,0,0,0
"1143","ABCC11",1,0,0,0,0,0,0,0,0,1,0
"1144","TMX3",1,1,0,1,1,0,0,0,0,0,0
"1145","RNF170",1,0,0,1,0,0,0,0,0,0,1
"1146","SLC35E1",1,1,0,0,0,1,0,0,0,0,0
"1147","TMEM87B",1,0,1,0,0,0,0,0,0,0,0
"1148","CLPTM1L",1,0,0,1,1,1,0,0,0,0,0
"1149","CNDP2",1,1,1,1,1,1,1,1,1,1,1
"1150","TRIM47",1,0,0,1,0,1,0,0,0,0,0
"1151","MBOAT7",1,1,1,1,1,1,1,0,0,0,1
"1152","CLIC6",1,1,1,1,0,0,1,0,0,0,0
"1153","RBM14",1,0,1,0,0,0,0,0,0,0,0
"1154","PLIN4",1,0,1,1,0,1,0,0,0,0,0
"1155","SLC38A2",1,0,0,0,1,0,0,1,0,0,0
"1156","VPS35",1,1,1,1,1,1,1,0,0,0,1
"1157","SNX18",1,1,1,1,0,0,0,0,0,0,1
"1158","ERGIC2",1,1,0,1,0,1,1,0,0,0,1
"1159","HMCN1",1,0,0,0,0,0,0,0,1,0,0
"1160","PIGS",1,1,1,1,0,0,0,0,0,0,0
"1161","CLCC1",1,0,0,0,0,0,0,0,0,0,0
"1162","MYADM",1,1,1,1,1,1,1,1,1,1,1
"1163","GPX7",1,0,0,0,0,0,0,0,0,0,0
"1164","CYP2S1",1,0,0,1,0,0,0,0,0,0,0
"1165","NIBAN2",1,1,1,1,1,1,1,1,1,1,1
"1166","CNN2",1,1,1,1,1,0,1,1,0,0,1
"1167","SEC62",1,1,1,1,1,1,0,0,0,0,1
"1168","CD180",1,0,0,1,0,1,0,0,0,0,0
"1169","PFDN5",1,0,0,0,1,0,0,1,0,0,0
"1170","PARK7",1,1,1,1,1,1,1,1,1,1,1
"1171","SORT1",1,0,0,0,0,0,0,1,0,0,1
"1172","VAT1",1,1,1,1,1,1,1,0,1,1,1
"1173","S100A13",1,0,0,0,0,0,1,0,0,0,0
"1174","EIF3C",1,1,0,1,1,1,1,1,0,0,1
"1175","PHB2",1,1,1,1,1,1,1,0,0,1,1
"1176","CHP1",1,1,1,1,1,1,1,0,1,1,1
"1177","HSD17B10",1,0,1,0,1,0,0,0,0,0,0
"1178","COL12A1",1,0,1,1,1,0,1,0,1,1,1
"1179","MGST2",1,0,0,0,0,0,1,0,0,0,1
"1180","TM9SF2",1,1,0,1,1,1,0,0,0,0,0
"1181","TSG101",1,0,0,1,1,1,1,1,1,1,1
"1182","CIB1",1,1,0,1,0,1,1,1,1,1,0
"1183","CPNE1",1,1,1,1,0,1,1,1,1,1,1
"1184","CCT7",1,1,1,0,1,0,0,1,1,1,0
"1185","RARRES2",1,0,0,0,1,0,0,0,0,0,0
"1186","CYBC1",1,1,1,1,1,1,0,0,0,0,0
"1187","APOL2",1,0,1,0,1,1,0,0,0,0,0
"1188","SDF4",1,0,0,0,0,0,0,0,0,0,0
"1189","ADPGK",1,1,1,1,0,1,0,0,0,0,0
"1190","PRXL2A",1,0,0,1,1,0,0,0,0,0,1
"1191","ERP44",1,1,0,1,1,1,0,0,0,1,1
"1192","LXN",1,1,1,1,1,1,1,0,0,1,0
"1193","ESYT1",1,1,1,1,1,1,1,1,0,1,1
"1194","CCM2",1,1,1,1,1,1,1,1,0,0,0
"1195","CNPY3",1,0,0,0,1,1,0,0,0,0,1
"1196","ALG1",1,0,1,0,0,1,0,0,0,0,0
"1197","LRRC1",1,0,0,0,1,1,0,1,0,0,0
"1198","TMEM43",1,1,1,1,1,1,1,0,0,1,1
"1199","TUBB6",1,0,0,1,1,0,0,1,0,0,0
"1200","PDCD10",1,1,1,1,1,1,1,1,0,0,1
"1201","DERL1",1,0,0,0,0,0,0,0,0,0,0
"1202","WDR18",1,0,1,0,0,1,0,0,0,0,1
"1203","VAMP8",1,1,1,1,1,1,1,1,1,1,1
"1204","TMED9",1,1,1,1,1,1,1,0,0,1,1
"1205","ELOVL1",1,0,0,0,0,1,0,0,0,0,0
"1206","SFXN3",1,0,1,0,0,0,1,0,0,0,0
"1207","YIPF2",1,0,0,0,0,0,0,0,0,0,0
"1208","CHID1",1,0,0,0,0,1,0,0,0,0,1
"1209","TAPBPL",1,1,0,0,0,0,0,0,0,0,0
"1210","TBC1D10A",1,0,1,1,0,0,1,0,0,0,1
"1211","CFHR5",1,0,0,1,1,0,0,1,0,1,1
"1212","EMILIN2",1,1,1,1,0,0,1,0,0,1,0
"1213","SEC11C",1,0,1,1,0,1,0,0,0,0,0
"1214","RAB34",1,0,1,1,0,0,1,0,0,0,0
"1215","NIBAN1",1,1,1,0,1,1,1,1,1,1,1
"1216","UBXN6",1,0,1,1,0,0,1,0,0,0,1
"1217","SLC19A3",1,1,1,1,0,0,1,0,0,0,0
"1218","TTYH3",1,1,1,1,0,1,0,1,0,1,1
"1219","SLC39A8",1,1,1,1,1,1,1,1,0,1,1
"1220","MAGT1",1,1,1,1,0,0,0,0,0,0,1
"1221","RAB1B",1,0,1,1,1,1,1,1,1,0,0
"1222","LMAN2L",1,0,0,1,1,0,0,0,0,0,1
"1223","TMX4",1,0,1,1,0,0,0,0,0,0,0
"1224","EHD4",1,1,1,1,1,0,1,1,1,1,0
"1225","SH3BGRL3",1,0,0,1,0,0,1,0,0,1,1
"1226","SLK",1,1,1,1,1,1,1,0,0,0,1
"1227","RAB3GAP2",1,0,0,0,0,0,0,0,0,0,0
"1228","TXNIP",1,1,1,1,1,0,1,1,1,1,1
"1229","TMX1",1,1,1,1,1,1,0,0,0,0,1
"1230","DNAJC5",1,1,1,1,1,1,1,1,1,1,1
"1231","POFUT1",1,1,0,0,0,0,0,0,0,0,1
"1232","RNPEP",1,0,1,1,0,1,1,1,0,0,0
"1233","EPB41L1",1,0,0,0,1,0,0,0,0,0,1
"1234","GLIPR2",1,1,1,1,1,0,1,1,1,1,1
"1235","EHD1",1,1,1,1,1,1,1,1,1,1,0
"1236","ALG2",1,0,1,1,0,0,0,0,0,0,1
"1237","CCDC134",1,0,0,0,0,0,0,0,0,0,0
"1238","METTL7A",1,1,1,1,1,1,1,0,0,1,1
"1239","SFXN1",1,0,0,0,0,0,0,0,0,0,0
"1240","VPS37B",1,0,1,1,0,0,1,1,1,1,1
"1241","SLC28A3",1,1,1,1,1,1,1,0,0,1,1
"1242","GNB4",1,1,1,1,0,1,0,0,1,1,1
"1243","RDH14",1,0,0,0,0,0,0,0,0,0,0
"1244","TMEM165",1,1,1,1,1,1,0,0,0,0,0
"1245","PLXNA4",1,1,0,1,0,0,1,0,0,0,1
"1246","CD248",1,1,0,1,1,0,1,0,1,1,1
"1247","PREB",1,0,0,0,0,0,0,0,0,0,1
"1248","ATP13A1",1,0,0,1,0,0,0,0,0,0,1
"1249","TM9SF3",1,1,1,1,1,1,1,1,0,0,1
"1250","VTA1",1,1,1,1,1,0,1,1,1,1,1
"1251","PLCB1",1,0,1,0,0,1,1,0,0,0,1
"1252","GPRC5C",1,1,1,1,1,1,1,1,1,1,1
"1253","RTN4",1,1,1,1,1,0,1,1,1,1,1
"1254","SAR1A",1,1,1,1,1,0,1,1,1,0,1
"1255","MXRA5",1,0,1,0,0,0,0,0,0,0,0
"1256","OSTC",1,1,1,1,1,1,1,0,0,1,1
"1257","HEBP1",1,1,1,1,0,1,0,1,1,0,0
"1258","RAB6B",1,0,1,1,0,0,1,0,1,1,1
"1259","APOBEC3C",1,0,1,0,0,1,0,0,0,0,0
"1260","VPS45",1,0,0,0,1,1,0,0,0,0,1
"1261","PLSCR3",1,1,1,1,1,1,1,1,1,1,1
"1262","TOMM22",1,0,1,1,0,0,0,0,0,0,1
"1263","SACM1L",1,1,1,1,1,0,0,0,0,0,1
"1264","OLA1",1,0,1,1,1,1,1,0,0,1,1
"1265","LMBRD1",1,0,0,0,0,1,0,0,0,0,0
"1266","LIN7C",1,1,1,1,0,1,1,1,1,1,1
"1267","UFSP2",1,0,0,1,0,0,0,0,0,0,1
"1268","CYRIB",1,1,1,1,1,1,1,1,1,1,1
"1269","GIMAP4",1,0,0,0,0,1,0,0,0,0,0
"1270","SEPTIN11",1,1,0,1,1,1,1,1,0,0,1
"1271","ARL8B",1,1,1,1,1,1,0,1,0,0,1
"1272","ANO10",1,1,0,1,0,0,0,0,0,0,1
"1273","OCIAD1",1,0,0,1,0,0,0,0,0,0,1
"1274","MARCHF5",1,0,0,0,0,0,0,0,0,0,0
"1275","TEX10",1,0,1,0,0,1,0,0,0,0,1
"1276","STAB1",1,0,0,1,0,1,0,1,0,0,1
"1277","CLDND1",1,0,0,0,1,0,0,1,1,1,0
"1278","SMPD3",1,1,1,1,0,1,1,0,1,0,1
"1279","FKBP11",1,1,1,0,0,0,0,0,0,0,0
"1280","BET1L",1,0,0,0,0,0,0,0,0,0,0
"1281","UGGT1",1,1,1,1,1,1,1,1,0,0,1
"1282","TECR",1,1,1,1,1,0,0,0,0,0,1
"1283","ERAP1",1,1,1,1,0,1,0,0,0,1,1
"1284","CISD1",1,1,1,1,0,1,1,0,0,0,1
"1285","CLIC5",1,1,1,1,1,1,1,1,1,1,1
"1286","FAM120A",1,1,1,0,1,1,0,0,0,0,0
"1287","GPRC5B",1,1,1,1,0,1,1,1,1,1,1
"1288","MYOF",1,0,1,0,1,0,1,1,1,1,0
"1289","EHD2",1,1,1,0,0,1,1,1,1,1,0
"1290","CNIH4",1,1,1,1,1,1,0,0,0,0,1
"1291","HACD3",1,1,1,1,0,1,0,0,0,0,1
"1292","EMC3",1,0,0,0,0,0,0,0,0,0,0
"1293","VAPA",1,1,1,1,1,1,1,1,0,1,1
"1294","ORMDL1",1,1,1,1,1,1,0,0,0,0,1
"1295","SH3BP4",1,1,1,1,0,1,1,0,0,1,1
"1296","ABI3",1,1,1,0,0,0,1,0,1,1,0
"1297","PTGFRN",1,1,1,1,1,1,1,1,1,1,1
"1298","RRBP1",1,1,0,1,1,0,1,1,1,1,0
"1299","LARS1",1,0,1,1,1,1,0,1,0,0,1
"1300","ANKFY1",1,0,1,1,0,1,0,1,0,0,0
"1301","STX18",1,0,0,0,0,0,0,0,0,0,0
"1302","MRC2",1,0,1,1,0,1,0,0,0,0,0
"1303","GNG12",1,1,1,1,1,1,1,1,1,1,0
"1304","DHCR7",1,0,0,0,0,0,0,0,0,0,1
"1305","VPS29",1,0,0,1,1,0,0,1,0,0,1
"1306","EXTL2",1,0,0,0,0,0,0,0,0,0,0
"1307","DNAJB11",1,1,1,1,0,1,0,1,0,0,1
"1308","SEL1L",1,0,1,1,0,0,0,0,0,0,1
"1309","PEF1",1,0,0,0,0,1,0,1,0,0,0
"1310","VTI1B",1,1,1,1,0,1,0,0,0,0,1
"1311","CD300A",1,1,0,1,0,1,1,1,1,0,0
"1312","SEC63",1,0,0,0,0,0,0,0,0,0,0
"1313","SUSD2",1,0,0,1,1,1,1,0,1,0,1
"1314","NDRG3",1,0,0,0,0,1,0,1,0,0,1
"1315","LAMTOR3",1,1,0,1,1,1,0,0,0,0,1
"1316","LIMA1",1,0,1,0,0,1,1,0,0,0,0
"1317","SEPTIN9",1,1,0,1,0,1,1,1,1,0,1
"1318","STEAP1",1,1,1,1,1,1,1,0,0,0,1
"1319","BCAP29",1,0,0,1,0,1,0,0,0,0,0
"1320","BAIAP2L1",1,0,0,0,0,1,1,0,1,1,1
"1321","ATP6V1H",1,0,0,0,1,1,0,1,0,0,1
"1322","LNPEP",1,1,0,1,0,0,0,0,0,0,0
"1323","PLXNA1",1,1,1,0,1,1,1,1,0,1,1
"1324","NAGK",1,0,1,1,0,1,0,1,1,0,1
"1325","SLC25A13",1,0,0,1,0,0,0,0,0,0,1
"1326","STOML2",1,0,1,1,0,0,0,0,0,0,1
"1327","VPS28",1,0,0,1,0,0,0,0,0,0,0
"1328","PILRA",1,0,0,0,0,0,0,0,1,0,1
"1329","PARP4",1,1,1,1,1,1,1,0,0,0,1
"1330","MAN1B1",1,0,0,0,0,0,0,0,0,0,0
"1331","RAB21",1,1,1,1,1,1,1,1,0,0,1
"1332","RAB22A",1,0,0,1,0,1,1,1,1,1,1
"1333","PSME2",1,1,1,1,0,1,0,1,1,1,1
"1334","RAB23",1,1,1,0,0,1,1,0,0,1,1
"1335","ACSL5",1,0,0,1,0,1,0,0,0,0,0
"1336","CORO1C",1,0,1,1,0,1,1,0,0,0,0
"1337","TMCO1",1,0,1,1,1,1,0,0,0,0,1
"1338","PACSIN2",1,0,1,1,0,1,1,0,0,0,1
"1339","SNX6",1,0,1,1,0,1,1,1,0,0,0
"1340","STX8",1,0,1,0,0,1,0,0,0,0,1
"1341","PSMD13",1,0,0,0,0,1,0,1,0,0,1
"1342","PROCR",1,1,1,1,0,1,1,0,1,1,1
"1343","MACF1",1,0,0,1,1,1,0,0,0,0,0
"1344","BAIAP2",1,1,1,1,1,1,1,1,1,1,0
"1345","RUVBL2",1,0,0,0,1,0,0,1,0,0,1
"1346","EIF3L",1,0,1,1,1,0,1,0,0,0,1
"1347","RUVBL1",1,0,1,1,1,1,0,1,0,0,1
"1348","VDAC3",1,1,0,1,1,1,0,0,0,0,1
"1349","VSIG4",1,0,1,0,0,1,1,0,0,1,0
"1350","ERGIC3",1,0,0,1,0,0,0,0,0,0,0
"1351","SIGLEC7",1,1,0,1,0,0,1,1,0,0,1
"1352","ITM2B",1,1,1,1,1,1,0,0,0,0,1
"1353","NCKAP1",1,1,1,1,1,1,1,1,1,1,1
"1354","CNPY2",1,1,0,0,1,1,0,0,0,0,1
"1355","POFUT2",1,0,0,0,0,0,0,0,0,0,0
"1356","EPB41L3",1,1,1,1,1,1,1,1,1,1,1
"1357","SLC27A6",1,0,0,0,0,0,0,0,0,0,0
"1358","GSTK1",1,1,1,1,0,1,0,1,0,0,1
"1359","NOP58",1,0,1,0,0,1,0,0,0,0,0
"1360","DERA",1,1,1,1,1,1,0,1,1,0,1
"1361","LSM2",1,0,0,0,0,0,0,1,0,0,0
"1362","CAB39",1,1,1,1,1,1,1,1,1,1,1
"1363","DHRS7",1,1,1,0,1,1,0,0,0,0,0
"1364","TMED5",1,1,1,1,1,1,0,0,0,0,1
"1365","TMED7",1,1,1,1,1,1,0,0,0,0,0
"1366","GOLT1B",1,1,1,1,1,1,0,1,0,0,1
"1367","PTRH2",1,0,0,0,0,0,0,0,0,0,0
"1368","STRAP",1,0,0,1,1,1,1,0,0,0,1
"1369","RTCB",1,0,1,0,0,1,0,1,0,0,0
"1370","RAP2C",1,1,1,1,0,0,1,1,1,1,1
"1371","SAMHD1",1,0,0,1,0,0,0,0,0,0,0
"1372","DAAM1",1,0,0,0,1,0,0,0,0,0,1
"1373","FARP1",1,0,0,0,0,0,0,0,0,0,0
"1374","HYOU1",1,1,1,1,0,1,1,1,0,1,0
"1375","LAS1L",1,0,0,0,0,1,0,0,0,0,1
"1376","SRPRB",1,1,1,1,1,1,1,0,0,0,1
"1377","CDC42BPB",1,1,0,1,1,0,1,0,0,0,1
"1378","IER3IP1",1,0,1,1,0,0,0,0,0,0,1
"1379","F11R",1,1,1,1,1,1,1,1,1,1,1
"1380","GPC6",1,1,0,1,1,0,0,0,0,1,0
"1381","NPTN",1,1,1,1,1,0,1,1,1,1,1
"1382","SLC12A7",1,1,0,0,1,0,0,1,1,0,1
"1383","COPG1",1,1,1,1,1,1,1,1,0,0,1
"1384","CLIC4",1,1,1,0,0,1,1,1,1,1,1
"1385","EMILIN1",1,1,1,1,1,1,1,1,1,1,0
"1386","MTCH2",1,0,0,1,1,1,0,0,0,0,1
"1387","STK24",1,0,0,1,0,1,1,1,0,1,1
"1388","SLC30A1",1,1,0,0,1,1,1,0,0,1,1
"1389","SLC4A7",1,0,0,0,0,0,0,0,0,0,1
"1390","NDUFB9",1,1,1,1,0,1,0,0,0,0,1
"1391","WASF2",1,1,1,1,1,0,1,1,1,0,1
"1392","SEC23IP",1,0,1,0,1,1,0,0,0,0,0
"1393","IGKV2-24",0,1,0,0,1,0,0,0,0,0,0
"1394","IGHV3-15",0,1,0,0,0,0,0,0,0,0,0
"1395","IGLC7",0,1,0,0,0,0,0,0,0,0,0
"1396","UPK3BL1",0,1,0,0,1,0,0,1,1,0,1
"1397","LST1",0,1,0,1,0,0,0,0,1,0,1
"1398","AGRN",0,1,1,1,1,0,0,0,0,0,0
"1399","TPP1",0,1,0,1,0,0,0,0,1,1,0
"1400","PPP1R12A",0,1,1,0,0,1,1,0,0,0,0
"1401","ATP2A1",0,1,0,1,0,0,0,0,0,0,0
"1402","EEF1E1",0,1,0,0,1,0,0,1,0,0,1
"1403","PROM1",0,1,0,0,0,1,0,1,0,1,1
"1404","LY75",0,1,0,0,0,1,0,0,1,0,0
"1405","PLIN3",0,1,1,1,0,1,0,0,0,0,1
"1406","LILRB3",0,1,0,0,0,0,0,0,0,1,0
"1407","ROCK2",0,1,0,1,1,0,1,0,0,0,1
"1408","NDUFS2",0,1,0,1,0,0,0,0,0,0,0
"1409","PDCD6",0,1,1,1,1,0,0,0,0,1,1
"1410","VPS26A",0,1,0,0,0,1,1,1,0,0,0
"1411","NDUFS3",0,1,1,1,0,1,0,0,0,0,1
"1412","DYSF",0,1,0,1,0,0,0,0,0,0,0
"1413","IPO7",0,1,0,1,0,1,0,1,0,0,0
"1414","CDS2",0,1,1,0,0,1,0,0,0,0,0
"1415","OXSR1",0,1,1,1,1,0,1,0,0,0,1
"1416","ALDH1A1",0,1,0,0,1,0,1,0,1,1,1
"1417","F13A1",0,1,0,0,1,0,0,0,1,0,1
"1418","P01715",0,1,0,0,0,0,0,0,0,0,0
"1419","SLC4A1",0,1,0,0,0,0,1,1,1,1,0
"1420","MT2A",0,1,0,0,1,0,1,0,1,1,1
"1421","ANXA1",0,1,0,0,0,0,0,1,0,1,1
"1422","HLA-A",0,1,0,0,0,0,1,0,1,1,0
"1423","ERBB2",0,1,1,1,1,1,1,0,0,1,1
"1424","SERPINB2",0,1,0,1,1,0,0,0,1,0,1
"1425","SLC25A5",0,1,0,0,1,0,0,0,0,0,0
"1426","CD2",0,1,0,0,0,0,0,0,1,0,0
"1427","GPI",0,1,0,0,0,1,1,0,0,1,0
"1428","LDHB",0,1,0,0,0,1,1,0,0,1,0
"1429","CD55",0,1,0,1,1,0,1,1,0,0,1
"1430","CTSG",0,1,0,1,1,0,0,0,0,0,1
"1431","FCGR3A",0,1,0,0,0,0,0,0,0,0,0
"1432","FGR",0,1,0,1,0,0,0,0,1,0,0
"1433","HSPA1A",0,1,0,0,0,0,1,0,0,1,0
"1434","P0DP25",0,1,0,0,0,0,0,0,0,0,0
"1435","HSPA5",0,1,0,0,1,0,0,0,0,1,1
"1436","PYGB",0,1,0,0,0,1,1,0,1,0,0
"1437","COL6A1",0,1,0,0,0,0,0,0,0,1,0
"1438","F5",0,1,0,1,1,0,0,0,0,0,0
"1439","FCGR2A",0,1,0,0,0,0,0,0,1,0,0
"1440","COX4I1",0,1,1,1,1,1,0,0,0,0,1
"1441","LAMP2",0,1,1,1,0,0,1,1,1,1,0
"1442","ITGA4",0,1,0,0,0,0,0,0,1,0,0
"1443","EEF2",0,1,0,0,0,0,1,0,0,1,1
"1444","CEACAM1",0,1,0,0,0,0,1,0,0,0,0
"1445","PLS3",0,1,0,0,1,0,1,1,1,1,0
"1446","IL1R1",0,1,0,0,0,0,0,0,0,0,0
"1447","GLUL",0,1,0,0,1,0,1,1,0,1,1
"1448","ANPEP",0,1,1,0,0,1,1,1,1,1,0
"1449","PDGFRA",0,1,0,0,0,0,1,0,0,0,0
"1450","VCL",0,1,0,0,0,0,1,1,1,1,0
"1451","AZU1",0,1,0,1,0,0,1,0,0,0,0
"1452","RAB6A",0,1,0,1,0,0,1,1,0,0,0
"1453","CFL1",0,1,0,0,0,0,1,0,1,1,0
"1454","PSMA1",0,1,0,0,1,0,0,0,0,1,1
"1455","YWHAQ",0,1,0,1,0,0,1,0,0,1,0
"1456","EEF1D",0,1,1,1,1,1,1,0,0,0,1
"1457","BLVRB",0,1,1,1,1,1,1,1,0,1,0
"1458","FCER1G",0,1,1,1,1,0,1,1,1,0,1
"1459","CASQ1",0,1,0,0,0,0,0,0,0,0,0
"1460","YWHAB",0,1,0,0,0,1,1,0,1,1,0
"1461","L1CAM",0,1,0,0,0,0,0,0,0,0,0
"1462","SPR",0,1,1,1,1,1,1,1,0,0,0
"1463","ACTR1B",0,1,1,1,0,0,0,1,0,0,0
"1464","GRK6",0,1,0,0,0,1,1,0,0,0,0
"1465","CRKL",0,1,0,1,0,1,1,0,0,1,0
"1466","UTRN",0,1,0,0,0,1,1,0,0,0,0
"1467","ALDH1A3",0,1,1,1,1,1,1,0,0,0,1
"1468","QARS1",0,1,0,1,1,1,0,1,0,0,0
"1469","RGS19",0,1,0,1,0,0,0,0,0,0,0
"1470","RAB13",0,1,1,1,0,0,1,0,0,0,0
"1471","RAB27A",0,1,0,0,0,1,0,0,0,0,0
"1472","VCP",0,1,0,1,1,0,1,0,0,1,0
"1473","CDH11",0,1,0,0,0,1,1,0,0,0,0
"1474","BID",0,1,0,1,0,1,0,0,0,0,0
"1475","EIF4A1",0,1,0,1,0,0,1,0,1,1,1
"1476","RPS20",0,1,1,1,1,0,1,0,1,1,1
"1477","B2M",0,1,0,1,0,0,1,0,0,1,0
"1478","HNRNPK",0,1,0,1,1,0,1,0,1,1,1
"1479","YWHAE",0,1,0,1,0,0,1,0,1,1,0
"1480","FKBP1A",0,1,0,0,1,0,0,0,0,1,0
"1481","RACK1",0,1,0,1,0,0,1,0,0,1,1
"1482","PPP2CA",0,1,1,0,1,1,1,1,1,0,1
"1483","TPM4",0,1,0,0,0,0,1,0,0,1,1
"1484","PAFAH1B2",0,1,1,1,1,1,1,1,1,1,1
"1485","LCN2",0,1,1,1,1,1,0,0,0,0,0
"1486","BASP1",0,1,0,1,1,1,0,0,0,1,1
"1487","ARF1",0,1,0,1,0,0,1,0,0,1,0
"1488","DAB2",0,1,1,0,0,1,1,0,0,0,0
"1489","CYCS",0,1,0,0,1,0,0,1,0,0,0
"1490","HDLBP",0,1,1,0,0,1,1,0,0,0,0
"1491","ANK2",0,1,0,0,0,0,0,0,0,0,0
"1492","PFKP",0,1,0,0,0,0,1,0,0,0,1
"1493","ROR2",0,1,1,1,0,1,1,0,0,0,1
"1494","TAGLN",0,1,1,1,1,1,1,0,0,0,0
"1495","RHAG",0,1,1,1,0,1,1,0,0,1,1
"1496","PRKCD",0,1,0,1,0,0,0,0,0,0,0
"1497","PAK2",0,1,0,0,0,1,1,1,0,0,0
"1498","MSLN",0,1,0,0,1,1,1,0,1,1,0
"1499","TUBB3",0,1,1,0,1,0,0,1,0,0,1
"1500","IQGAP2",0,1,0,1,0,1,0,0,0,0,1
"1501","RAB31",0,1,1,0,0,0,1,0,0,0,0
"1502","SEPTIN6",0,1,0,1,0,0,0,0,0,0,1
"1503","DPYSL3",0,1,0,1,1,0,1,1,1,1,1
"1504","DCTN1",0,1,1,1,1,0,1,1,0,0,1
"1505","PTPRCAP",0,1,0,1,0,1,0,0,0,0,1
"1506","CUL7",0,1,0,1,0,0,0,0,0,0,0
"1507","EEA1",0,1,0,0,1,0,1,0,0,0,0
"1508","PLEC",0,1,0,1,0,0,1,0,1,0,0
"1509","STK38",0,1,0,0,0,0,0,0,0,0,0
"1510","SF3A1",0,1,0,0,0,0,0,0,0,0,0
"1511","CDC37",0,1,1,0,1,1,0,1,0,1,1
"1512","C3AR1",0,1,0,0,0,0,0,0,0,0,0
"1513","H2AC18",0,1,0,0,0,0,0,0,0,0,0
"1514","TUBB8",0,1,0,1,1,0,1,0,1,1,1
"1515","TMEM198",0,1,0,0,0,0,0,0,0,0,0
"1516","ERAP2",0,1,0,0,0,0,0,0,0,0,1
"1517","C16orf46",0,1,0,0,0,1,0,0,0,0,0
"1518","TUBA1A",0,1,0,1,0,0,1,0,1,1,1
"1519","EIF3M",0,1,1,0,0,0,0,1,0,0,1
"1520","VTCN1",0,1,0,0,1,0,1,1,0,0,1
"1521","FAM114A1",0,1,1,0,0,1,0,0,0,0,0
"1522","CADM3",0,1,0,1,0,0,0,0,0,0,0
"1523","LRRC25",0,1,0,1,1,0,0,0,1,1,1
"1524","SFRP1",0,1,0,0,0,0,0,0,0,0,0
"1525","GOLM1",0,1,0,1,0,0,0,0,0,0,0
"1526","SERBP1",0,1,1,0,0,1,1,1,0,0,1
"1527","TSPAN14",0,1,1,1,1,1,1,1,1,1,1
"1528","GIPC2",0,1,0,0,1,0,0,1,0,1,1
"1529","BRK1",0,1,0,1,1,1,1,0,0,0,1
"1530","ELMO1",0,1,0,0,0,0,0,0,0,0,1
"1531","SEPTIN8",0,1,1,1,1,1,1,1,0,0,0
"1532","HAS1",0,1,1,0,0,1,1,0,0,1,0
"1533","NEO1",0,1,0,1,0,0,0,0,0,0,0
"1534","OSTF1",0,1,0,1,1,0,0,1,0,0,0
"1535","ARHGEF1",0,1,0,0,0,1,0,0,0,0,0
"1536","MYDGF",0,1,0,1,0,0,0,0,0,0,0
"1537","IGSF8",0,1,0,0,0,0,0,1,0,0,0
"1538","MRGPRF",0,1,0,1,0,1,1,0,0,0,1
"1539","EFHD2",0,1,0,1,0,0,1,0,0,0,0
"1540","ELMO2",0,1,0,0,0,0,1,0,0,0,0
"1541","LRATD2",0,1,0,1,1,0,0,1,0,0,0
"1542","MUC4",0,1,0,0,1,0,1,1,1,0,1
"1543","SDHC",0,1,0,0,0,0,0,0,0,0,0
"1544","TMEM109",0,1,1,1,0,1,1,0,0,1,1
"1545","TPPP3",0,1,1,1,0,0,1,0,0,0,1
"1546","HYCC1",0,1,1,1,0,1,1,0,0,0,0
"1547","CTDSP1",0,1,1,1,1,1,1,1,0,0,1
"1548","EPS8L2",0,1,1,1,1,0,1,1,1,0,1
"1549","APMAP",0,1,1,1,1,0,0,0,1,0,0
"1550","PLSCR4",0,1,0,1,1,1,1,0,0,0,1
"1551","CDC42SE1",0,1,0,0,0,0,0,1,0,0,0
"1552","FLRT3",0,1,0,0,0,0,1,0,0,0,0
"1553","SEPTIN10",0,1,1,1,0,1,1,0,0,0,0
"1554","TENM3",0,1,0,0,0,1,0,0,0,0,0
"1555","DPM3",0,1,0,1,1,0,0,0,0,0,1
"1556","GRHPR",0,1,1,1,1,1,1,1,0,1,1
"1557","ADD3",0,1,1,1,0,0,1,0,0,0,1
"1558","NDUFA12",0,1,1,1,0,0,0,0,0,0,1
"1559","MSRA",0,1,0,1,0,0,1,0,0,0,0
"1560","MYH2",0,1,0,0,0,0,0,0,0,0,0
"1561","DNPEP",0,1,0,1,1,1,0,1,0,0,0
"1562","HEG1",0,1,1,1,1,1,1,0,0,1,1
"1563","TTC7A",0,1,0,0,0,0,1,0,0,0,0
"1564","PYCARD",0,1,1,1,1,1,1,0,1,0,0
"1565","FZD1",0,1,0,0,0,0,0,0,0,0,0
"1566","FLVCR2",0,1,0,0,0,0,0,0,0,0,0
"1567","CEP164",0,1,1,1,0,0,0,0,0,0,0
"1568","MYRF",0,1,0,0,0,0,1,0,0,0,0
"1569","SIGLEC9",0,1,0,0,0,1,0,1,1,0,1
"1570","SH3GLB1",0,1,1,0,0,1,1,0,0,0,0
"1571","GPSM3",0,1,0,0,0,0,0,0,0,0,1
"1572","UBA6",0,0,1,0,1,1,0,0,0,0,0
"1573","LGALS8",0,0,1,0,0,0,0,0,0,0,0
"1574","DNM1L",0,0,1,0,1,0,0,1,0,0,0
"1575","BTN3A3",0,0,1,1,0,1,1,0,1,0,0
"1576","NDUFA4",0,0,1,0,0,0,0,0,0,0,0
"1577","KRIT1",0,0,1,1,0,1,1,0,0,0,1
"1578","VWA5A",0,0,1,0,0,1,0,0,0,0,0
"1579","PLPP1",0,0,1,1,0,1,1,0,0,0,0
"1580","PLPP3",0,0,1,1,0,0,0,0,0,0,0
"1581","HSD17B6",0,0,1,0,0,0,0,0,0,0,0
"1582","TAX1BP3",0,0,1,1,1,0,1,0,0,1,1
"1583","UBE2L6",0,0,1,0,0,0,0,0,1,0,0
"1584","GAK",0,0,1,0,0,1,0,0,0,0,0
"1585","CLIC2",0,0,1,1,0,1,0,0,0,0,0
"1586","DYNC1LI2",0,0,1,1,0,1,0,0,0,0,0
"1587","HSPA12A",0,0,1,1,0,1,1,0,1,0,0
"1588","AKR7A2",0,0,1,1,1,1,1,0,1,1,0
"1589","DNPH1",0,0,1,1,0,0,0,1,0,0,1
"1590","GSTZ1",0,0,1,0,0,0,0,0,0,0,0
"1591","AP1G1",0,0,1,0,1,1,0,0,0,0,0
"1592","SNX3",0,0,1,0,0,0,0,0,0,0,0
"1593","DOK2",0,0,1,0,0,0,0,0,0,0,0
"1594","KPNA6",0,0,1,0,0,0,1,1,0,0,0
"1595","SF3B1",0,0,1,0,1,0,0,0,0,0,0
"1596","PRKRA",0,0,1,0,0,1,0,0,0,0,0
"1597","MPDZ",0,0,1,0,0,1,1,0,0,0,0
"1598","GFPT2",0,0,1,0,0,0,1,0,0,0,0
"1599","SEC24D",0,0,1,0,0,1,0,0,0,0,0
"1600","ABCA8",0,0,1,1,0,1,1,0,0,0,0
"1601","CELF2",0,0,1,0,0,1,0,0,0,0,0
"1602","AHSA1",0,0,1,1,1,1,0,1,0,0,0
"1603","SEC24B",0,0,1,0,1,1,0,0,0,0,0
"1604","RIGI",0,0,1,0,0,0,0,0,1,0,0
"1605","ADA",0,0,1,1,0,1,0,1,0,0,0
"1606","CA2",0,0,1,1,0,1,0,0,0,1,1
"1607","VWF",0,0,1,0,0,0,0,0,0,0,0
"1608","TUBB4A",0,0,1,0,1,0,0,0,0,0,0
"1609","SLC4A2",0,0,1,0,0,1,0,0,0,0,0
"1610","GYPC",0,0,1,1,0,0,1,0,0,1,1
"1611","RPLP2",0,0,1,0,1,0,0,0,1,1,1
"1612","H2BC3",0,0,1,1,0,0,1,1,0,1,0
"1613","GPX1",0,0,1,0,0,0,0,0,1,0,1
"1614","CTSB",0,0,1,1,0,0,0,0,0,0,0
"1615","COL1A2",0,0,1,0,0,0,0,0,0,0,0
"1616","ABCB1",0,0,1,0,0,1,0,0,0,0,0
"1617","RAP2A",0,0,1,1,0,0,0,0,0,0,0
"1618","MBL2",0,0,1,0,1,0,0,0,0,0,1
"1619","ANXA8",0,0,1,1,0,0,1,0,0,0,0
"1620","MIF",0,0,1,1,1,0,1,0,1,1,1
"1621","NCF1",0,0,1,0,0,0,0,0,0,0,0
"1622","COX6B1",0,0,1,1,0,0,0,0,0,0,1
"1623","UQCRB",0,0,1,1,0,1,0,0,0,0,1
"1624","RPL7",0,0,1,1,0,0,1,1,1,1,1
"1625","EIF2AK2",0,0,1,0,1,1,0,0,0,0,0
"1626","TPSB2",0,0,1,0,0,0,0,0,0,0,0
"1627","RAB5A",0,0,1,1,1,0,1,0,1,1,0
"1628","FBL",0,0,1,0,0,0,0,0,0,0,0
"1629","PRKACG",0,0,1,1,0,0,1,0,0,0,1
"1630","RPS3",0,0,1,1,1,0,1,0,1,0,0
"1631","MYL9",0,0,1,1,0,0,0,0,0,0,1
"1632","DNAJB1",0,0,1,0,0,0,0,1,0,0,0
"1633","PTX3",0,0,1,1,0,0,1,0,1,1,0
"1634","VARS1",0,0,1,1,1,1,1,1,0,0,0
"1635","CFP",0,0,1,1,1,0,0,0,0,0,0
"1636","ADSL",0,0,1,0,0,0,0,1,0,0,0
"1637","STX2",0,0,1,1,0,1,1,0,0,0,1
"1638","KDR",0,0,1,0,0,1,1,0,0,0,0
"1639","MAP2K2",0,0,1,0,0,0,0,0,0,0,0
"1640","COL18A1",0,0,1,1,0,0,0,0,1,0,1
"1641","IFI27",0,0,1,0,0,0,0,0,0,0,0
"1642","PSMB10",0,0,1,1,1,0,0,0,1,0,0
"1643","RPL13A",0,0,1,1,0,0,1,1,0,1,1
"1644","DPP6",0,0,1,1,0,0,0,0,0,0,0
"1645","PAFAH1B1",0,0,1,1,0,0,1,1,1,0,1
"1646","MATR3",0,0,1,0,0,1,0,0,0,0,0
"1647","SSR1",0,0,1,1,0,0,1,0,0,1,1
"1648","PSMC4",0,0,1,0,0,1,0,1,0,0,0
"1649","MAP2K4",0,0,1,1,0,0,0,0,0,0,0
"1650","BAG6",0,0,1,0,0,0,0,0,0,0,0
"1651","SLC11A2",0,0,1,1,1,0,1,0,0,0,1
"1652","SULT1A1",0,0,1,0,0,1,1,0,0,0,0
"1653","RAB9A",0,0,1,1,1,1,0,0,0,0,0
"1654","GALK1",0,0,1,0,0,0,1,0,0,0,0
"1655","ALDH3A2",0,0,1,1,0,0,0,1,0,0,0
"1656","GPM6A",0,0,1,0,0,1,0,0,0,0,0
"1657","PRELP",0,0,1,1,0,0,0,0,0,0,0
"1658","SLC7A2",0,0,1,0,0,0,0,0,0,0,0
"1659","AGFG1",0,0,1,0,0,0,0,0,0,0,0
"1660","HNRNPF",0,0,1,0,1,1,0,0,0,0,0
"1661","STAT2",0,0,1,1,1,1,0,0,0,0,0
"1662","BLVRA",0,0,1,0,0,0,1,0,0,0,0
"1663","BCAT1",0,0,1,0,0,1,1,0,1,0,0
"1664","GAS1",0,0,1,1,0,1,0,0,0,1,1
"1665","ADAR",0,0,1,0,0,0,0,0,0,0,0
"1666","EIF3E",0,0,1,1,1,1,0,1,0,0,1
"1667","PRPS1",0,0,1,1,1,1,0,0,0,0,1
"1668","SRP54",0,0,1,0,0,1,0,0,0,0,0
"1669","STXBP1",0,0,1,1,0,0,1,0,0,0,0
"1670","DAD1",0,0,1,1,0,0,0,0,0,1,1
"1671","RPS8",0,0,1,1,1,1,1,1,1,1,1
"1672","SNRPE",0,0,1,0,0,1,0,1,0,0,1
"1673","PSMC6",0,0,1,0,1,0,0,0,0,0,0
"1674","RPS6",0,0,1,0,0,0,1,1,0,0,1
"1675","RPS15",0,0,1,1,0,1,0,1,0,0,0
"1676","DYNLT1",0,0,1,1,1,1,0,0,0,0,1
"1677","RPL38",0,0,1,0,0,1,0,1,0,0,0
"1678","RPL19",0,0,1,0,0,1,1,1,0,1,1
"1679","SRSF3",0,0,1,0,0,0,0,0,0,0,0
"1680","CDC42EP1",0,0,1,0,0,1,1,0,0,0,0
"1681","FMO1",0,0,1,0,0,0,0,0,0,0,0
"1682","PLP2",0,0,1,0,0,0,0,1,1,1,0
"1683","CALD1",0,0,1,0,0,1,1,0,0,0,0
"1684","GFPT1",0,0,1,0,1,1,1,1,0,0,1
"1685","AOX1",0,0,1,1,0,1,1,0,0,0,0
"1686","BAX",0,0,1,1,0,0,0,0,0,0,1
"1687","CD47",0,0,1,1,1,0,1,1,1,1,1
"1688","AIMP1",0,0,1,0,1,0,0,0,0,0,1
"1689","SPP2",0,0,1,0,0,1,0,0,0,0,0
"1690","SELPLG",0,0,1,1,0,0,1,1,1,1,1
"1691","CTTN",0,0,1,0,1,1,1,0,0,0,0
"1692","FASTKD3",0,0,1,0,1,0,0,0,0,0,0
"1693","PTPA",0,0,1,1,0,1,0,0,0,0,0
"1694","PCBP2",0,0,1,1,0,0,1,0,1,0,1
"1695","RHEB",0,0,1,1,1,0,1,0,0,0,1
"1696","TRADD",0,0,1,0,0,1,0,0,0,0,0
"1697","ADRM1",0,0,1,0,0,0,0,1,0,0,0
"1698","PARP14",0,0,1,1,0,1,1,0,0,0,0
"1699","SVEP1",0,0,1,0,0,0,0,0,0,0,0
"1700","COBLL1",0,0,1,0,0,1,1,0,0,0,0
"1701","ARHGAP17",0,0,1,0,1,1,1,0,0,0,0
"1702","RAB12",0,0,1,1,0,0,0,0,0,0,1
"1703","COPS6",0,0,1,0,0,0,0,0,0,0,0
"1704","TTC7B",0,0,1,0,0,0,0,0,0,0,0
"1705","SLC9A9",0,0,1,1,0,0,0,0,0,0,0
"1706","PARP9",0,0,1,0,1,1,1,0,0,0,0
"1707","SPART",0,0,1,0,0,1,0,0,0,0,0
"1708","LRRC47",0,0,1,0,1,1,1,1,0,0,0
"1709","ARHGAP18",0,0,1,1,0,0,1,0,0,0,1
"1710","CCNYL1",0,0,1,0,1,1,1,0,1,1,1
"1711","STEAP2",0,0,1,0,0,0,0,0,0,0,0
"1712","RAB2B",0,0,1,0,0,0,0,0,0,0,0
"1713","LPAR1",0,0,1,0,0,0,0,0,0,0,0
"1714","HTRA1",0,0,1,0,0,0,0,0,1,0,0
"1715","CNRIP1",0,0,1,1,0,0,1,0,0,0,0
"1716","GMPPA",0,0,1,0,0,1,0,0,0,0,0
"1717","IPO9",0,0,1,1,1,1,1,0,0,0,1
"1718","IL4I1",0,0,1,0,0,1,0,0,0,0,0
"1719","RUFY1",0,0,1,0,0,1,0,0,0,0,0
"1720","PSMD1",0,0,1,0,0,1,0,0,0,0,0
"1721","SH3GL1",0,0,1,0,0,0,0,0,0,0,0
"1722","UPK3B",0,0,1,0,1,0,0,0,0,0,0
"1723","BDH2",0,0,1,1,0,1,1,0,0,0,1
"1724","ITPA",0,0,1,0,0,1,0,1,0,0,1
"1725","FN3KRP",0,0,1,0,0,1,0,1,0,0,1
"1726","GLOD4",0,0,1,1,0,1,1,1,0,0,1
"1727","CSNK1G1",0,0,1,1,0,0,1,0,0,0,0
"1728","ABCB6",0,0,1,0,0,0,0,0,0,0,1
"1729","SLC40A1",0,0,1,1,0,1,0,0,0,0,1
"1730","RAB18",0,0,1,1,0,0,0,1,0,0,0
"1731","DYNLRB1",0,0,1,1,0,0,0,0,0,0,1
"1732","PHPT1",0,0,1,0,0,0,1,0,0,0,0
"1733","ATG3",0,0,1,0,0,0,1,0,0,0,0
"1734","ECHDC1",0,0,1,1,0,0,1,0,0,0,0
"1735","PARVA",0,0,1,1,0,0,1,0,0,0,1
"1736","COMMD9",0,0,1,1,0,1,0,0,0,0,0
"1737","NDUFA13",0,0,1,1,0,1,0,0,0,0,1
"1738","ATXN10",0,0,1,0,0,0,1,1,0,0,0
"1739","EPS15L1",0,0,1,0,0,0,1,0,0,0,0
"1740","COPG2",0,0,1,0,0,0,0,0,0,0,0
"1741","TJP2",0,0,1,0,0,0,1,0,0,0,0
"1742","FETUB",0,0,1,1,0,0,0,0,0,0,0
"1743","SRP68",0,0,1,0,0,1,0,0,0,0,0
"1744","XPO7",0,0,1,0,0,1,1,1,0,0,0
"1745","DBNL",0,0,1,0,0,0,1,0,0,0,0
"1746","COPS3",0,0,1,0,0,1,0,1,0,0,0
"1747","TBC1D2B",0,0,1,0,0,0,0,0,0,0,0
"1748","PLAA",0,0,1,0,0,0,0,1,0,0,0
"1749","AKAP2",0,0,1,0,1,1,1,0,0,0,0
"1750","GIT1",0,0,1,0,1,0,0,1,0,1,0
"1751","PLLP",0,0,1,0,0,0,0,0,0,0,0
"1752","FIS1",0,0,1,0,0,0,0,0,0,0,0
"1753","SNX5",0,0,1,0,0,1,0,0,0,0,0
"1754","DYNC1LI1",0,0,1,0,1,0,0,0,0,0,1
"1755","OAS3",0,0,1,0,1,1,0,0,0,0,0
"1756","A0A1B0GV96",0,0,0,1,0,0,0,0,0,0,0
"1757","VPS37C",0,0,0,1,0,0,1,0,0,0,0
"1758","KPNA4",0,0,0,1,0,1,0,1,0,0,0
"1759","HSPB6",0,0,0,1,0,0,0,0,0,0,0
"1760","MRAS",0,0,0,1,0,0,0,0,1,0,0
"1761","ANKRD28",0,0,0,1,1,0,0,0,1,0,0
"1762","BET1",0,0,0,1,0,1,0,0,0,0,0
"1763","PMM2",0,0,0,1,0,1,1,0,0,0,1
"1764","CAPN5",0,0,0,1,1,1,1,1,0,0,1
"1765","CHMP2A",0,0,0,1,0,0,1,1,0,0,0
"1766","USO1",0,0,0,1,0,0,0,1,0,0,0
"1767","TOM1",0,0,0,1,0,0,0,0,0,0,0
"1768","SH3BGRL",0,0,0,1,0,0,1,0,1,1,1
"1769","CS",0,0,0,1,0,0,0,0,0,0,1
"1770","BANF1",0,0,0,1,0,0,1,0,1,1,1
"1771","TOM1L1",0,0,0,1,0,0,0,0,0,0,0
"1772","ATP6AP2",0,0,0,1,0,0,0,0,0,0,1
"1773","EIF3G",0,0,0,1,0,0,0,1,0,0,1
"1774","ALDH1A2",0,0,0,1,0,0,1,0,0,1,1
"1775","SNAPIN",0,0,0,1,0,0,0,0,0,0,0
"1776","NDUFA10",0,0,0,1,0,0,0,0,0,0,0
"1777","GLUD1",0,0,0,1,1,0,0,0,0,0,0
"1778","MT-CO3",0,0,0,1,0,1,0,0,0,0,0
"1779","P01705",0,0,0,1,0,0,0,0,0,0,0
"1780","EIF2S1",0,0,0,1,1,0,1,0,1,0,1
"1781","RPLP0",0,0,0,1,0,0,1,0,0,1,0
"1782","LCK",0,0,0,1,0,0,0,0,1,0,0
"1783","P06331",0,0,0,1,0,0,0,0,0,1,0
"1784","NPM1",0,0,0,1,0,0,0,0,0,1,1
"1785","CD3E",0,0,0,1,0,0,0,0,1,0,0
"1786","RHOC",0,0,0,1,0,0,0,0,0,0,0
"1787","ALOX5",0,0,0,1,0,1,0,0,0,0,0
"1788","ESD",0,0,0,1,0,1,0,1,0,0,0
"1789","ACP2",0,0,0,1,0,0,0,0,0,0,0
"1790","PDHB",0,0,0,1,0,0,0,0,0,0,0
"1791","CKB",0,0,0,1,1,0,1,1,0,1,1
"1792","ACTN1",0,0,0,1,1,0,0,0,0,1,0
"1793","ACE",0,0,0,1,0,0,1,0,0,1,1
"1794","ICAM2",0,0,0,1,0,0,0,0,0,0,0
"1795","ALAD",0,0,0,1,0,0,0,0,0,0,1
"1796","ETFA",0,0,0,1,0,1,0,0,0,0,0
"1797","HCLS1",0,0,0,1,0,1,0,0,0,0,0
"1798","FABP4",0,0,0,1,0,0,0,0,0,1,0
"1799","B4GALT1",0,0,0,1,0,0,0,0,0,0,0
"1800","NME1",0,0,0,1,1,1,1,1,0,1,0
"1801","NQO1",0,0,0,1,1,0,1,0,0,0,0
"1802","PRKCA",0,0,0,1,0,1,1,0,0,0,0
"1803","DES",0,0,0,1,0,0,0,0,0,0,0
"1804","HLA-G",0,0,0,1,0,0,0,0,1,1,0
"1805","OGN",0,0,0,1,0,0,0,0,0,0,0
"1806","GPD1",0,0,0,1,0,0,0,0,0,0,0
"1807","SDHB",0,0,0,1,0,0,0,0,0,0,0
"1808","KEL",0,0,0,1,0,0,0,0,0,0,1
"1809","ME2",0,0,0,1,0,0,0,1,0,0,0
"1810","CPT2",0,0,0,1,0,0,1,0,0,0,0
"1811","PRTN3",0,0,0,1,0,1,0,0,0,0,0
"1812","TNC",0,0,0,1,1,0,0,0,0,0,0
"1813","RPL13",0,0,0,1,1,0,1,0,0,0,1
"1814","ANXA13",0,0,0,1,1,0,0,0,0,0,0
"1815","HLA-DMB",0,0,0,1,0,0,0,0,0,0,0
"1816","PSMB4",0,0,0,1,0,0,0,0,0,0,0
"1817","GRN",0,0,0,1,0,0,0,0,0,0,0
"1818","PRDX3",0,0,0,1,1,1,0,0,0,0,1
"1819","CMPK1",0,0,0,1,1,0,0,1,0,0,0
"1820","HIBADH",0,0,0,1,0,0,0,0,0,0,1
"1821","MAN1A1",0,0,0,1,0,0,0,0,0,0,0
"1822","SHMT2",0,0,0,1,1,0,0,1,0,0,1
"1823","PFN2",0,0,0,1,0,0,1,1,1,0,1
"1824","MYH9",0,0,0,1,0,0,0,0,0,1,0
"1825","ADD2",0,0,0,1,0,0,0,0,0,0,1
"1826","PSMC2",0,0,0,1,0,0,0,1,1,0,0
"1827","TRIM23",0,0,0,1,0,0,0,0,1,1,1
"1828","ATP5F1C",0,0,0,1,1,1,0,0,0,0,1
"1829","ATP6V1E1",0,0,0,1,0,0,0,0,0,0,0
"1830","SRP14",0,0,0,1,0,1,1,1,1,0,1
"1831","ETFB",0,0,0,1,0,0,0,0,0,0,1
"1832","MNDA",0,0,0,1,0,0,1,1,0,0,0
"1833","PTGDS",0,0,0,1,0,0,0,0,0,0,1
"1834","FOLR3",0,0,0,1,0,0,0,0,0,0,0
"1835","ACAA2",0,0,0,1,0,1,1,0,0,0,1
"1836","WAS",0,0,0,1,0,0,1,0,0,0,0
"1837","NAMPT",0,0,0,1,0,0,0,0,1,0,0
"1838","CRK",0,0,0,1,0,0,1,1,0,0,0
"1839","MAP1B",0,0,0,1,0,0,0,0,0,0,0
"1840","GNPDA1",0,0,0,1,0,0,0,1,0,0,0
"1841","GYG1",0,0,0,1,0,0,1,0,0,0,0
"1842","CXCL12",0,0,0,1,0,0,0,0,1,0,0
"1843","PSMB3",0,0,0,1,1,0,1,0,0,1,0
"1844","PSEN1",0,0,0,1,0,0,0,0,0,0,0
"1845","SLC26A2",0,0,0,1,1,0,1,0,0,0,1
"1846","AP2S1",0,0,0,1,0,0,0,0,0,0,0
"1847","PTTG1IP",0,0,0,1,0,0,1,0,0,0,0
"1848","USP14",0,0,0,1,0,0,0,1,0,0,0
"1849","RAD23B",0,0,0,1,0,1,0,0,0,0,0
"1850","HADHB",0,0,0,1,0,1,0,0,0,1,1
"1851","SEC61B",0,0,0,1,0,0,1,0,0,0,1
"1852","SPCS3",0,0,0,1,0,0,0,0,0,0,0
"1853","UBE2N",0,0,0,1,0,0,0,0,0,0,1
"1854","COPS2",0,0,0,1,0,1,1,1,0,0,1
"1855","ABCE1",0,0,0,1,0,1,0,1,0,0,0
"1856","NPC2",0,0,0,1,0,0,0,0,0,0,1
"1857","SNRPD3",0,0,0,1,1,0,0,1,0,0,1
"1858","RAB1A",0,0,0,1,1,0,1,0,0,1,1
"1859","TUBA4A",0,0,0,1,0,0,1,1,0,0,0
"1860","ATP11A",0,0,0,1,0,1,1,0,0,0,0
"1861","OGDH",0,0,0,1,1,0,0,0,0,0,0
"1862","MAP2K1",0,0,0,1,0,0,0,0,0,0,0
"1863","LIPE",0,0,0,1,0,0,0,0,0,0,0
"1864","COL14A1",0,0,0,1,0,0,0,0,0,0,0
"1865","SCRN1",0,0,0,1,1,1,1,1,0,0,1
"1866","MTAP",0,0,0,1,0,1,1,1,1,0,0
"1867","EIF3I",0,0,0,1,0,0,0,0,0,0,1
"1868","UBE2V1",0,0,0,1,0,0,1,0,0,1,1
"1869","RAB32",0,0,0,1,0,0,0,0,0,0,0
"1870","CAPS",0,0,0,1,1,0,0,0,0,0,1
"1871","HNRNPD",0,0,0,1,1,0,1,1,0,0,1
"1872","GIT2",0,0,0,1,0,0,0,0,0,0,0
"1873","TRIM25",0,0,0,1,1,1,1,0,0,0,0
"1874","PLS1",0,0,0,1,1,0,0,0,0,0,0
"1875","LBR",0,0,0,1,0,0,0,0,0,0,0
"1876","GPNMB",0,0,0,1,1,0,0,0,0,1,0
"1877","ELOC",0,0,0,1,0,0,0,1,0,0,0
"1878","RSU1",0,0,0,1,0,1,0,0,0,0,1
"1879","LTB4R",0,0,0,1,0,0,1,0,0,0,1
"1880","ETFDH",0,0,0,1,0,0,0,0,0,0,0
"1881","DDB1",0,0,0,1,1,1,0,1,0,0,1
"1882","ACKR1",0,0,0,1,0,0,0,0,0,0,0
"1883","DECR1",0,0,0,1,1,1,0,0,0,0,1
"1884","TMEM176B",0,0,0,1,0,0,0,0,1,0,0
"1885","TMEM67",0,0,0,1,0,0,0,0,0,0,0
"1886","FAM102B",0,0,0,1,0,0,0,0,0,0,1
"1887","WASHC2C",0,0,0,1,0,0,0,0,0,0,0
"1888","MOXD1",0,0,0,1,0,0,0,0,0,1,0
"1889","POGLUT3",0,0,0,1,0,0,0,0,0,0,0
"1890","PROM2",0,0,0,1,1,0,1,1,0,1,1
"1891","NAXE",0,0,0,1,0,0,0,1,0,1,1
"1892","GPR156",0,0,0,1,0,0,0,0,0,0,0
"1893","PRXL2B",0,0,0,1,0,1,1,0,0,0,1
"1894","SPPL2A",0,0,0,1,0,0,0,0,0,0,0
"1895","MZB1",0,0,0,1,0,0,0,0,0,0,0
"1896","DDX1",0,0,0,1,0,0,0,1,0,0,0
"1897","DOCK2",0,0,0,1,0,0,0,0,0,0,0
"1898","RIT1",0,0,0,1,0,1,0,0,0,0,0
"1899","ERLEC1",0,0,0,1,0,1,0,0,0,0,0
"1900","MVB12A",0,0,0,1,0,0,1,1,0,0,0
"1901","CHMP6",0,0,0,1,0,0,1,1,1,1,1
"1902","PDLIM5",0,0,0,1,0,1,1,0,0,0,1
"1903","SUCLG2",0,0,0,1,0,0,0,0,0,0,1
"1904","DERL3",0,0,0,1,0,0,0,0,0,0,0
"1905","SERINC2",0,0,0,1,0,0,0,0,0,0,0
"1906","MGLL",0,0,0,1,0,0,0,0,0,0,0
"1907","NAPG",0,0,0,1,0,0,0,1,0,0,0
"1908","ACO2",0,0,0,1,1,0,1,0,0,0,1
"1909","TUBGCP2",0,0,0,1,0,0,0,0,0,0,0
"1910","TUBB2B",0,0,0,1,0,0,0,0,0,0,1
"1911","CHMP4A",0,0,0,1,0,0,1,0,0,0,0
"1912","SIGLEC1",0,0,0,1,0,0,0,0,0,0,0
"1913","STRADB",0,0,0,1,0,0,0,0,0,1,0
"1914","TOLLIP",0,0,0,1,0,1,1,0,0,0,0
"1915","CYSTM1",0,0,0,1,0,1,1,0,0,0,0
"1916","TLNRD1",0,0,0,1,0,0,0,0,0,0,1
"1917","CLEC4M",0,0,0,1,0,0,0,0,0,0,0
"1918","CHMP4B",0,0,0,1,1,1,1,1,0,1,1
"1919","RHOF",0,0,0,1,0,0,0,0,1,0,0
"1920","S100A14",0,0,0,1,1,0,1,1,1,0,1
"1921","CHMP1A",0,0,0,1,0,0,0,1,0,0,0
"1922","CD209",0,0,0,1,0,0,0,0,0,0,0
"1923","IL1RAP",0,0,0,1,0,0,1,0,0,0,1
"1924","TMEM30A",0,0,0,1,1,0,1,0,0,0,1
"1925","EVA1B",0,0,0,1,0,0,1,1,0,1,0
"1926","PSENEN",0,0,0,1,0,0,0,1,0,0,0
"1927","GLTP",0,0,0,1,0,0,0,0,0,0,0
"1928","PLAC8",0,0,0,1,0,0,0,0,0,0,0
"1929","CHMP5",0,0,0,1,0,0,0,1,0,0,0
"1930","MACROH2A2",0,0,0,1,0,0,1,1,1,0,0
"1931","DIP2B",0,0,0,1,1,0,1,1,1,0,1
"1932","EIF3K",0,0,0,1,0,0,0,1,0,0,0
"1933","DMBT1",0,0,0,1,0,0,1,0,0,0,1
"1934","CLEC2D",0,0,0,1,0,0,0,0,0,0,0
"1935","ERG28",0,0,0,1,0,0,0,0,0,0,1
"1936","PACSIN3",0,0,0,1,0,0,1,0,0,0,1
"1937","SLC7A7",0,0,0,1,0,0,0,0,0,0,1
"1938","MYO6",0,0,0,1,1,0,1,0,0,0,1
"1939","CHMP3",0,0,0,1,0,0,1,1,1,0,1
"1940","TLN2",0,0,0,1,0,0,0,0,0,0,0
"1941","SAMM50",0,0,0,1,0,0,0,0,0,0,1
"1942","CD2AP",0,0,0,1,1,0,1,0,0,0,1
"1943","ATP6V1D",0,0,0,1,0,0,0,0,0,0,0
"1944","SNX9",0,0,0,1,0,0,1,0,0,0,0
"1945","SPCS1",0,0,0,1,0,0,0,0,0,0,0
"1946","SQOR",0,0,0,1,0,1,1,0,0,0,0
"1947","IGHV1OR15-1",0,0,0,0,1,0,0,0,0,0,0
"1948","TUBAL3",0,0,0,0,1,0,0,1,0,0,1
"1949","ESPN",0,0,0,0,1,0,0,0,0,0,0
"1950","PRMT5",0,0,0,0,1,0,0,1,0,0,1
"1951","OPLAH",0,0,0,0,1,0,0,0,0,0,0
"1952","SPTBN2",0,0,0,0,1,0,0,0,0,0,0
"1953","INPP4B",0,0,0,0,1,0,0,0,0,0,0
"1954","PSMD3",0,0,0,0,1,0,1,0,0,0,0
"1955","ZNRD2",0,0,0,0,1,0,0,0,0,0,0
"1956","PRPSAP2",0,0,0,0,1,0,0,0,0,0,1
"1957","FCGR3B",0,0,0,0,1,0,0,0,0,0,0
"1958","OAT",0,0,0,0,1,0,0,0,0,0,0
"1959","HNRNPC",0,0,0,0,1,0,0,0,0,0,0
"1960","FH",0,0,0,0,1,0,0,1,0,0,1
"1961","THBS1",0,0,0,0,1,0,0,0,0,0,0
"1962","CLTA",0,0,0,0,1,0,0,0,0,0,0
"1963","UCHL1",0,0,0,0,1,0,1,0,0,1,0
"1964","HAPLN1",0,0,0,0,1,0,0,0,0,0,0
"1965","IFI30",0,0,0,0,1,1,0,0,0,0,0
"1966","TPT1",0,0,0,0,1,1,1,0,0,0,1
"1967","FDPS",0,0,0,0,1,0,1,0,1,0,0
"1968","AKR1B1",0,0,0,0,1,0,0,1,0,0,1
"1969","CTPS1",0,0,0,0,1,0,0,1,0,0,0
"1970","NCL",0,0,0,0,1,0,0,0,0,0,0
"1971","PTMS",0,0,0,0,1,0,0,0,0,0,1
"1972","HMGB2",0,0,0,0,1,0,0,0,0,0,0
"1973","S100A2",0,0,0,0,1,0,0,0,0,0,0
"1974","DDT",0,0,0,0,1,1,0,0,0,1,0
"1975","SDC4",0,0,0,0,1,0,0,1,1,0,0
"1976","SFN",0,0,0,0,1,0,0,0,0,0,0
"1977","S100A11",0,0,0,0,1,0,0,0,1,1,1
"1978","RPA3",0,0,0,0,1,0,0,1,0,0,0
"1979","FUS",0,0,0,0,1,0,0,0,0,0,0
"1980","COL15A1",0,0,0,0,1,0,0,0,0,0,0
"1981","GARS1",0,0,0,0,1,0,0,1,0,0,0
"1982","LRPPRC",0,0,0,0,1,0,0,0,0,0,0
"1983","ECE1",0,0,0,0,1,0,0,0,0,0,0
"1984","RANBP1",0,0,0,0,1,0,0,1,0,0,0
"1985","PSMD8",0,0,0,0,1,0,0,0,0,0,0
"1986","COMP",0,0,0,0,1,0,0,0,0,0,0
"1987","EIF2B2",0,0,0,0,1,0,0,1,0,0,0
"1988","LRBA",0,0,0,0,1,0,0,0,0,0,0
"1989","ARFIP1",0,0,0,0,1,1,0,0,0,0,0
"1990","SEC24C",0,0,0,0,1,1,0,1,0,0,0
"1991","YARS1",0,0,0,0,1,1,0,0,0,0,0
"1992","TPD52",0,0,0,0,1,0,0,0,0,0,0
"1993","CCL18",0,0,0,0,1,0,0,0,0,0,0
"1994","DEFA3",0,0,0,0,1,0,0,0,1,1,0
"1995","VBP1",0,0,0,0,1,0,0,0,0,0,0
"1996","AP1S1",0,0,0,0,1,0,0,0,0,0,0
"1997","RBX1",0,0,0,0,1,0,0,0,0,0,0
"1998","VAMP2",0,0,0,0,1,0,0,0,0,0,0
"1999","PPP2R2A",0,0,0,0,1,0,0,0,0,0,0
"2000","IFI35",0,0,0,0,1,0,0,0,0,0,0
"2001","SORD",0,0,0,0,1,0,0,1,0,0,1
"2002","SET",0,0,0,0,1,0,0,0,0,0,0
"2003","ACY1",0,0,0,0,1,0,0,0,0,0,0
"2004","SSBP1",0,0,0,0,1,0,1,0,0,0,1
"2005","KLC1",0,0,0,0,1,1,0,1,0,0,0
"2006","LAMTOR4",0,0,0,0,1,0,0,0,0,0,0
"2007","WASHC5",0,0,0,0,1,1,0,0,0,0,0
"2008","ILF2",0,0,0,0,1,0,0,0,0,0,0
"2009","PABPC4",0,0,0,0,1,0,0,0,0,0,0
"2010","CUL1",0,0,0,0,1,0,0,1,0,0,0
"2011","GFUS",0,0,0,0,1,0,0,0,0,0,0
"2012","DDX39B",0,0,0,0,1,0,0,1,0,0,0
"2013","CAPRIN1",0,0,0,0,1,0,0,0,0,0,1
"2014","FXYD3",0,0,0,0,1,0,0,0,0,0,0
"2015","PSMD6",0,0,0,0,1,0,0,1,0,0,0
"2016","PAFAH1B3",0,0,0,0,1,0,1,1,0,0,1
"2017","FCN2",0,0,0,0,1,0,0,0,0,0,0
"2018","IGFBP7",0,0,0,0,1,0,0,0,0,0,0
"2019","DPYSL2",0,0,0,0,1,0,1,0,1,1,1
"2020","PRSS8",0,0,0,0,1,0,0,0,0,1,0
"2021","LAMA3",0,0,0,0,1,0,0,0,0,0,0
"2022","LACTB2",0,0,0,0,1,0,0,0,0,0,1
"2023","PYCR3",0,0,0,0,1,0,0,0,0,0,0
"2024","CROCC",0,0,0,0,1,0,0,0,0,0,0
"2025","BLTP3A",0,0,0,0,1,0,0,0,0,0,0
"2026","VWA1",0,0,0,0,1,0,0,0,0,0,0
"2027","NAPRT",0,0,0,0,1,0,0,1,0,0,1
"2028","ATG9A",0,0,0,0,1,0,0,0,0,0,0
"2029","SRGAP1",0,0,0,0,1,0,0,0,0,0,0
"2030","WDFY1",0,0,0,0,1,0,0,0,0,0,0
"2031","UBR1",0,0,0,0,1,0,0,0,0,0,0
"2032","CMYA5",0,0,0,0,1,1,1,0,0,0,0
"2033","MROH1",0,0,0,0,1,0,0,0,0,0,0
"2034","SPOCK2",0,0,0,0,1,0,0,0,0,0,0
"2035","HSPH1",0,0,0,0,1,0,0,1,0,0,0
"2036","KLK6",0,0,0,0,1,0,0,0,0,0,0
"2037","ACSF2",0,0,0,0,1,0,0,0,0,0,0
"2038","OTUB1",0,0,0,0,1,1,1,1,0,0,1
"2039","PERP",0,0,0,0,1,0,0,0,0,0,0
"2040","KIRREL1",0,0,0,0,1,0,0,0,0,0,1
"2041","CPPED1",0,0,0,0,1,0,0,1,0,0,0
"2042","PARD6B",0,0,0,0,1,1,1,0,0,0,1
"2043","CDCP1",0,0,0,0,1,0,0,0,0,0,0
"2044","NIT2",0,0,0,0,1,0,0,0,0,0,0
"2045","FARSB",0,0,0,0,1,0,0,0,0,0,1
"2046","CMTM6",0,0,0,0,1,0,0,0,0,0,0
"2047","DPP3",0,0,0,0,1,0,1,0,0,0,0
"2048","PCYOX1",0,0,0,0,1,0,0,0,0,0,1
"2049","PUF60",0,0,0,0,1,0,0,0,0,0,0
"2050","APPL1",0,0,0,0,1,1,0,0,0,0,0
"2051","ANGPTL2",0,0,0,0,1,1,0,0,0,0,0
"2052","PPP6R1",0,0,0,0,1,0,0,0,0,0,0
"2053","PA2G4",0,0,0,0,1,1,0,0,0,0,0
"2054","SIK3",0,0,0,0,1,0,0,0,0,0,0
"2055","ACOT9",0,0,0,0,1,0,0,0,0,0,0
"2056","TLN1",0,0,0,0,1,0,1,0,1,1,0
"2057","ENPP4",0,0,0,0,1,0,0,0,0,0,0
"2058","CNOT1",0,0,0,0,0,1,0,0,0,0,0
"2059","PSMD12",0,0,0,0,0,1,0,1,0,0,0
"2060","FIBP",0,0,0,0,0,1,0,0,0,0,0
"2061","GSDME",0,0,0,0,0,1,1,0,0,0,0
"2062","CLDN11",0,0,0,0,0,1,0,0,0,0,0
"2063","F10",0,0,0,0,0,1,0,0,0,0,0
"2064","MB",0,0,0,0,0,1,0,0,0,0,0
"2065","F11",0,0,0,0,0,1,0,0,0,1,0
"2066","FYN",0,0,0,0,0,1,0,0,0,0,0
"2067","HMOX1",0,0,0,0,0,1,0,0,0,0,0
"2068","RO60",0,0,0,0,0,1,0,1,0,0,0
"2069","CTSA",0,0,0,0,0,1,0,0,0,0,0
"2070","CD37",0,0,0,0,0,1,0,0,1,0,1
"2071","COL6A3",0,0,0,0,0,1,0,0,0,0,0
"2072","PRG2",0,0,0,0,0,1,0,0,0,0,1
"2073","LCP1",0,0,0,0,0,1,1,1,0,1,0
"2074","ACP3",0,0,0,0,0,1,0,0,0,0,0
"2075","BPI",0,0,0,0,0,1,0,0,0,0,0
"2076","MX2",0,0,0,0,0,1,0,0,0,0,0
"2077","CAST",0,0,0,0,0,1,1,0,0,0,1
"2078","GPX3",0,0,0,0,0,1,0,0,0,0,0
"2079","SFPQ",0,0,0,0,0,1,0,0,0,0,1
"2080","AXL",0,0,0,0,0,1,0,0,0,0,0
"2081","POLR2B",0,0,0,0,0,1,0,0,0,0,0
"2082","CASP14",0,0,0,0,0,1,0,0,0,0,0
"2083","SLC16A2",0,0,0,0,0,1,1,0,0,0,0
"2084","STAT5A",0,0,0,0,0,1,0,0,0,0,0
"2085","NDUFV1",0,0,0,0,0,1,0,0,0,0,0
"2086","SELENOP",0,0,0,0,0,1,0,0,1,0,0
"2087","HNMT",0,0,0,0,0,1,0,0,0,0,0
"2088","PSMD4",0,0,0,0,0,1,0,0,0,0,1
"2089","APOC4",0,0,0,0,0,1,0,0,0,0,0
"2090","SNU13",0,0,0,0,0,1,0,1,0,0,0
"2091","TPI1",0,0,0,0,0,1,1,0,0,1,0
"2092","NUTF2",0,0,0,0,0,1,0,1,0,0,0
"2093","RPS25",0,0,0,0,0,1,1,1,0,0,0
"2094","ADAM17",0,0,0,0,0,1,0,0,0,0,0
"2095","TJP1",0,0,0,0,0,1,1,0,0,0,0
"2096","PPP3CA",0,0,0,0,0,1,1,0,0,0,0
"2097","DMTN",0,0,0,0,0,1,0,0,0,0,0
"2098","STK4",0,0,0,0,0,1,0,0,0,0,0
"2099","FLII",0,0,0,0,0,1,1,0,0,0,0
"2100","HNRNPA0",0,0,0,0,0,1,0,0,0,0,0
"2101","BLMH",0,0,0,0,0,1,1,0,0,1,0
"2102","GALE",0,0,0,0,0,1,0,0,0,0,1
"2103","RBM39",0,0,0,0,0,1,0,0,0,0,0
"2104","PPP2R5D",0,0,0,0,0,1,0,0,0,0,0
"2105","ACAP2",0,0,0,0,0,1,0,1,0,0,0
"2106","PEA15",0,0,0,0,0,1,0,0,0,0,0
"2107","NONO",0,0,0,0,0,1,0,0,0,0,0
"2108","ARHGAP44",0,0,0,0,0,1,1,0,0,0,0
"2109","INF2",0,0,0,0,0,1,0,0,0,0,0
"2110","DOCK11",0,0,0,0,0,1,1,0,0,1,0
"2111","MBLAC2",0,0,0,0,0,1,0,0,0,0,0
"2112","EMB",0,0,0,0,0,1,1,0,0,0,0
"2113","NCCRP1",0,0,0,0,0,1,0,0,0,0,0
"2114","DCXR",0,0,0,0,0,1,0,0,0,0,0
"2115","TMEM192",0,0,0,0,0,1,0,0,0,0,0
"2116","RDH10",0,0,0,0,0,1,0,0,0,0,0
"2117","MINK1",0,0,0,0,0,1,0,0,0,0,0
"2118","DYNC2H1",0,0,0,0,0,1,0,0,0,0,0
"2119","IPO4",0,0,0,0,0,1,0,0,0,0,0
"2120","SCFD1",0,0,0,0,0,1,0,0,0,0,0
"2121","ITLN1",0,0,0,0,0,1,0,0,0,0,0
"2122","TNPO1",0,0,0,0,0,1,1,1,0,0,0
"2123","LPP",0,0,0,0,0,1,0,0,0,0,0
"2124","SEH1L",0,0,0,0,0,1,0,0,0,0,0
"2125","CERS2",0,0,0,0,0,1,0,0,0,0,0
"2126","FYCO1",0,0,0,0,0,1,0,0,0,0,0
"2127","AP1M1",0,0,0,0,0,1,0,0,0,0,0
"2128","TNKS1BP1",0,0,0,0,0,1,0,0,0,0,0
"2129","SKIC8",0,0,0,0,0,1,0,0,0,0,0
"2130","PTPN23",0,0,0,0,0,1,0,0,0,0,0
"2131","GOLPH3",0,0,0,0,0,1,0,0,0,0,0
"2132","RIC8A",0,0,0,0,0,1,1,0,0,0,0
"2133","FAM114A2",0,0,0,0,0,1,0,0,0,0,0
"2134","COMMD8",0,0,0,0,0,1,0,0,0,0,0
"2135","STK26",0,0,0,0,0,1,1,0,0,0,0
"2136","CGN",0,0,0,0,0,1,0,0,0,0,0
"2137","DDX20",0,0,0,0,0,1,0,0,0,0,0
"2138","MCTS1",0,0,0,0,0,1,0,1,0,0,0
"2139","VPS4A",0,0,0,0,0,1,0,0,0,0,0
"2140","SMC3",0,0,0,0,0,1,0,0,0,0,0
"2141","CARHSP1",0,0,0,0,0,1,0,0,0,0,0
"2142","SUGT1",0,0,0,0,0,1,0,0,0,0,0
"2143","CLIC1",0,0,0,0,0,0,1,0,0,1,0
"2144","ARPC1B",0,0,0,0,0,0,1,0,0,1,1
"2145","ARPC5",0,0,0,0,0,0,1,0,0,0,1
"2146","TXNL1",0,0,0,0,0,0,1,0,0,0,0
"2147","KALRN",0,0,0,0,0,0,1,0,0,0,0
"2148","MGRN1",0,0,0,0,0,0,1,0,0,0,0
"2149","USP12",0,0,0,0,0,0,1,0,0,0,0
"2150","IDH1",0,0,0,0,0,0,1,0,0,1,0
"2151","TMEM63A",0,0,0,0,0,0,1,0,0,0,0
"2152","ABCB11",0,0,0,0,0,0,1,0,0,0,0
"2153","SNAP29",0,0,0,0,0,0,1,0,0,0,0
"2154","PAK4",0,0,0,0,0,0,1,0,0,0,0
"2155","NRAS",0,0,0,0,0,0,1,0,0,0,0
"2156","P01704",0,0,0,0,0,0,1,0,1,0,0
"2157","SLPI",0,0,0,0,0,0,1,0,0,0,0
"2158","S100A6",0,0,0,0,0,0,1,0,0,1,0
"2159","CD48",0,0,0,0,0,0,1,0,0,0,0
"2160","ARAF",0,0,0,0,0,0,1,0,0,0,0
"2161","ALPG",0,0,0,0,0,0,1,1,0,0,0
"2162","HARS1",0,0,0,0,0,0,1,0,0,0,0
"2163","IMPDH2",0,0,0,0,0,0,1,0,0,0,0
"2164","GSPT1",0,0,0,0,0,0,1,0,0,0,0
"2165","YBX3",0,0,0,0,0,0,1,0,0,0,0
"2166","ITGB6",0,0,0,0,0,0,1,0,0,0,1
"2167","EIF2S2",0,0,0,0,0,0,1,0,0,0,0
"2168","FLNA",0,0,0,0,0,0,1,0,0,1,0
"2169","ACP1",0,0,0,0,0,0,1,0,0,0,1
"2170","S100P",0,0,0,0,0,0,1,0,0,0,0
"2171","MAPK3",0,0,0,0,0,0,1,0,0,0,0
"2172","ADSS2",0,0,0,0,0,0,1,1,0,1,0
"2173","S100A7",0,0,0,0,0,0,1,0,0,0,0
"2174","PRKAR2B",0,0,0,0,0,0,1,0,0,0,0
"2175","RNASE4",0,0,0,0,0,0,1,0,0,0,0
"2176","NF2",0,0,0,0,0,0,1,0,0,0,0
"2177","CEACAM6",0,0,0,0,0,0,1,0,0,0,0
"2178","MTOR",0,0,0,0,0,0,1,0,0,0,0
"2179","RPL35",0,0,0,0,0,0,1,1,0,0,1
"2180","PITPNB",0,0,0,0,0,0,1,0,0,0,0
"2181","EPHB3",0,0,0,0,0,0,1,0,0,0,0
"2182","AQP5",0,0,0,0,0,0,1,0,0,0,0
"2183","MYL6",0,0,0,0,0,0,1,0,0,1,0
"2184","UBE2M",0,0,0,0,0,0,1,1,0,0,0
"2185","PSMC1",0,0,0,0,0,0,1,0,0,0,1
"2186","TMSB10",0,0,0,0,0,0,1,0,0,0,0
"2187","TUBB4B",0,0,0,0,0,0,1,0,0,1,0
"2188","PHEX",0,0,0,0,0,0,1,0,0,0,0
"2189","RPL36AL",0,0,0,0,0,0,1,0,0,0,0
"2190","MUC5AC",0,0,0,0,0,0,1,0,0,0,0
"2191","CDK16",0,0,0,0,0,0,1,0,0,0,0
"2192","ROR1",0,0,0,0,0,0,1,0,0,0,0
"2193","NOTCH2",0,0,0,0,0,0,1,0,0,0,0
"2194","PTPN13",0,0,0,0,0,0,1,0,0,0,0
"2195","MTM1",0,0,0,0,0,0,1,0,0,0,0
"2196","IL18",0,0,0,0,0,0,1,0,0,0,0
"2197","INPP5A",0,0,0,0,0,0,1,0,0,0,0
"2198","TRIP6",0,0,0,0,0,0,1,0,0,0,0
"2199","PKN2",0,0,0,0,0,0,1,0,0,0,0
"2200","HSP90AB4P",0,0,0,0,0,0,1,0,0,0,1
"2201","MEDAG",0,0,0,0,0,0,1,0,0,0,0
"2202","LYPD2",0,0,0,0,0,0,1,0,1,0,0
"2203","TAOK1",0,0,0,0,0,0,1,0,0,0,1
"2204","TMC4",0,0,0,0,0,0,1,0,0,0,0
"2205","SERINC5",0,0,0,0,0,0,1,0,0,0,0
"2206","SPNS2",0,0,0,0,0,0,1,0,0,0,0
"2207","ATP11C",0,0,0,0,0,0,1,0,0,0,0
"2208","PIP4K2C",0,0,0,0,0,0,1,0,0,0,0
"2209","CD99L2",0,0,0,0,0,0,1,0,0,0,0
"2210","BPIFB1",0,0,0,0,0,0,1,0,0,0,0
"2211","ARPC1A",0,0,0,0,0,0,1,0,0,0,1
"2212","RAB7B",0,0,0,0,0,0,1,0,0,0,0
"2213","SHISA4",0,0,0,0,0,0,1,0,0,0,0
"2214","RSPRY1",0,0,0,0,0,0,1,0,0,0,0
"2215","NEDD4L",0,0,0,0,0,0,1,0,0,0,0
"2216","FMNL2",0,0,0,0,0,0,1,0,0,0,0
"2217","ARPC5L",0,0,0,0,0,0,1,0,0,0,0
"2218","MAPKAP1",0,0,0,0,0,0,1,0,0,0,0
"2219","CORO1B",0,0,0,0,0,0,1,0,0,0,0
"2220","C1orf116",0,0,0,0,0,0,1,0,0,0,0
"2221","DOCK9",0,0,0,0,0,0,1,0,0,0,1
"2222","KIF13B",0,0,0,0,0,0,1,0,0,0,0
"2223","HOMER3",0,0,0,0,0,0,1,0,0,0,1
"2224","CZIB",0,0,0,0,0,0,1,0,0,0,0
"2225","TMOD3",0,0,0,0,0,0,1,0,0,0,0
"2226","ARHGAP28",0,0,0,0,0,0,1,0,0,0,0
"2227","SNX12",0,0,0,0,0,0,1,0,0,0,0
"2228","CFL2",0,0,0,0,0,0,1,0,0,0,0
"2229","IGF2BP3",0,0,0,0,0,0,0,1,0,0,1
"2230","MANBA",0,0,0,0,0,0,0,1,0,0,0
"2231","ISLR",0,0,0,0,0,0,0,1,0,0,1
"2232","CHUK",0,0,0,0,0,0,0,1,0,0,0
"2233","ADAMDEC1",0,0,0,0,0,0,0,1,0,0,0
"2234","EIF3D",0,0,0,0,0,0,0,1,0,0,0
"2235","BUB3",0,0,0,0,0,0,0,1,0,0,0
"2236","NUDT21",0,0,0,0,0,0,0,1,0,0,0
"2237","GMFG",0,0,0,0,0,0,0,1,0,0,1
"2238","EIF5B",0,0,0,0,0,0,0,1,0,0,0
"2239","LYPLA1",0,0,0,0,0,0,0,1,0,0,0
"2240","SNRNP200",0,0,0,0,0,0,0,1,0,0,0
"2241","PSMD10",0,0,0,0,0,0,0,1,0,0,1
"2242","GBA1",0,0,0,0,0,0,0,1,0,0,0
"2243","SSB",0,0,0,0,0,0,0,1,0,0,1
"2244","COL5A2",0,0,0,0,0,0,0,1,0,1,0
"2245","UROD",0,0,0,0,0,0,0,1,0,0,0
"2246","SERPINE2",0,0,0,0,0,0,0,1,0,0,0
"2247","ASNS",0,0,0,0,0,0,0,1,0,0,0
"2248","ENO2",0,0,0,0,0,0,0,1,0,0,0
"2249","QDPR",0,0,0,0,0,0,0,1,0,0,0
"2250","CTSH",0,0,0,0,0,0,0,1,0,0,0
"2251","MTHFD1",0,0,0,0,0,0,0,1,0,0,0
"2252","PCNA",0,0,0,0,0,0,0,1,0,0,0
"2253","SRC",0,0,0,0,0,0,0,1,0,0,0
"2254","CD58",0,0,0,0,0,0,0,1,0,0,0
"2255","GART",0,0,0,0,0,0,0,1,0,0,0
"2256","ACAT1",0,0,0,0,0,0,0,1,0,0,1
"2257","MST1",0,0,0,0,0,0,0,1,0,0,0
"2258","RPA1",0,0,0,0,0,0,0,1,0,0,1
"2259","NMT1",0,0,0,0,0,0,0,1,0,0,0
"2260","SHMT1",0,0,0,0,0,0,0,1,0,0,0
"2261","MCAM",0,0,0,0,0,0,0,1,0,0,0
"2262","BTD",0,0,0,0,0,0,0,1,0,0,0
"2263","RPL29",0,0,0,0,0,0,0,1,0,0,0
"2264","PREP",0,0,0,0,0,0,0,1,0,0,0
"2265","GMPS",0,0,0,0,0,0,0,1,0,0,0
"2266","SMS",0,0,0,0,0,0,0,1,0,0,0
"2267","HK3",0,0,0,0,0,0,0,1,0,0,0
"2268","PPP5C",0,0,0,0,0,0,0,1,0,0,0
"2269","AIF1",0,0,0,0,0,0,0,1,0,0,0
"2270","INHBC",0,0,0,0,0,0,0,1,0,0,0
"2271","EIF6",0,0,0,0,0,0,0,1,0,0,0
"2272","RAB25",0,0,0,0,0,0,0,1,0,0,0
"2273","RPL37A",0,0,0,0,0,0,0,1,0,0,0
"2274","GNG5",0,0,0,0,0,0,0,1,0,1,1
"2275","ERH",0,0,0,0,0,0,0,1,0,0,0
"2276","KIF23",0,0,0,0,0,0,0,1,0,1,0
"2277","SF3B4",0,0,0,0,0,0,0,1,0,0,0
"2278","PPP1R7",0,0,0,0,0,0,0,1,0,0,0
"2279","ACTBL2",0,0,0,0,0,0,0,1,0,0,1
"2280","VPS53",0,0,0,0,0,0,0,1,0,0,0
"2281","LRSAM1",0,0,0,0,0,0,0,1,0,0,0
"2282","OAF",0,0,0,0,0,0,0,1,0,0,0
"2283","PPFIBP1",0,0,0,0,0,0,0,1,0,0,0
"2284","AHNAK2",0,0,0,0,0,0,0,1,0,0,0
"2285","FAM20C",0,0,0,0,0,0,0,1,0,0,0
"2286","SLC35F2",0,0,0,0,0,0,0,1,0,0,0
"2287","CMAS",0,0,0,0,0,0,0,1,0,0,0
"2288","TSKU",0,0,0,0,0,0,0,1,0,0,0
"2289","TTN",0,0,0,0,0,0,0,1,0,0,0
"2290","DLG3",0,0,0,0,0,0,0,1,0,0,0
"2291","UPF1",0,0,0,0,0,0,0,1,0,0,0
"2292","CUL5",0,0,0,0,0,0,0,1,0,0,0
"2293","C11orf52",0,0,0,0,0,0,0,1,0,0,0
"2294","GALM",0,0,0,0,0,0,0,1,0,0,0
"2295","DCPS",0,0,0,0,0,0,0,1,0,0,0
"2296","PURB",0,0,0,0,0,0,0,1,0,0,0
"2297","PANX1",0,0,0,0,0,0,0,1,0,0,0
"2298","NAP1L4",0,0,0,0,0,0,0,1,0,0,1
"2299","NCAPG",0,0,0,0,0,0,0,1,0,0,0
"2300","TUBA1C",0,0,0,0,0,0,0,1,0,0,0
"2301","VPS25",0,0,0,0,0,0,0,1,0,0,0
"2302","NDFIP1",0,0,0,0,0,0,0,1,0,0,0
"2303","API5",0,0,0,0,0,0,0,1,0,0,0
"2304","PITHD1",0,0,0,0,0,0,0,1,0,0,0
"2305","CYRIA",0,0,0,0,0,0,0,1,0,0,0
"2306","SDCBP2",0,0,0,0,0,0,0,1,0,0,0
"2307","MMRN2",0,0,0,0,0,0,0,1,0,0,0
"2308","SYTL2",0,0,0,0,0,0,0,1,0,0,0
"2309","PCDH12",0,0,0,0,0,0,0,1,0,0,0
"2310","TIGAR",0,0,0,0,0,0,0,1,0,0,0
"2311","XPNPEP1",0,0,0,0,0,0,0,1,0,0,0
"2312","NANS",0,0,0,0,0,0,0,1,0,0,0
"2313","OLFML3",0,0,0,0,0,0,0,1,0,0,0
"2314","BABAM2",0,0,0,0,0,0,0,1,0,0,0
"2315","SAE1",0,0,0,0,0,0,0,1,0,0,0
"2316","RNF14",0,0,0,0,0,0,0,1,0,0,0
"2317","PRPF19",0,0,0,0,0,0,0,1,0,0,0
"2318","PPME1",0,0,0,0,0,0,0,1,0,0,0
"2319","BZW2",0,0,0,0,0,0,0,1,0,0,0
"2320","IGKV3-7",0,0,0,0,0,0,0,0,1,0,0
"2321","IGHV1-18",0,0,0,0,0,0,0,0,1,0,1
"2322","ACTL6A",0,0,0,0,0,0,0,0,1,0,0
"2323","FTH1",0,0,0,0,0,0,0,0,1,1,1
"2324","SRGN",0,0,0,0,0,0,0,0,1,0,0
"2325","PLA2G2A",0,0,0,0,0,0,0,0,1,0,0
"2326","HSPA6",0,0,0,0,0,0,0,0,1,0,1
"2327","CD40",0,0,0,0,0,0,0,0,1,0,0
"2328","TALDO1",0,0,0,0,0,0,0,0,1,0,1
"2329","UBA7",0,0,0,0,0,0,0,0,1,0,0
"2330","NOTCH1",0,0,0,0,0,0,0,0,1,0,1
"2331","CLDN6",0,0,0,0,0,0,0,0,1,1,0
"2332","CLTC",0,0,0,0,0,0,0,0,1,1,0
"2333","EEF1A2",0,0,0,0,0,0,0,0,1,0,0
"2334","CALHM6",0,0,0,0,0,0,0,0,1,0,0
"2335","LILRB4",0,0,0,0,0,0,0,0,1,0,0
"2336","GBP5",0,0,0,0,0,0,0,0,1,0,0
"2337","C1QTNF3",0,0,0,0,0,0,0,0,1,1,0
"2338","MUC5B",0,0,0,0,0,0,0,0,1,0,0
"2339","CDC42SE2",0,0,0,0,0,0,0,0,1,0,0
"2340","CD84",0,0,0,0,0,0,0,0,1,0,1
"2341","ST14",0,0,0,0,0,0,0,0,1,0,0
"2342","ACTN4",0,0,0,0,0,0,0,0,0,1,0
"2343","LDHA",0,0,0,0,0,0,0,0,0,1,0
"2344","S100A8",0,0,0,0,0,0,0,0,0,1,0
"2345","ENO1",0,0,0,0,0,0,0,0,0,1,0
"2346","ANXA2",0,0,0,0,0,0,0,0,0,1,0
"2347","TUBB",0,0,0,0,0,0,0,0,0,1,0
"2348","VIM",0,0,0,0,0,0,0,0,0,1,0
"2349","SAA2",0,0,0,0,0,0,0,0,0,1,0
"2350","HSPA8",0,0,0,0,0,0,0,0,0,1,0
"2351","IQGAP1",0,0,0,0,0,0,0,0,0,1,0
"2352","ACTB",0,0,0,0,0,0,0,0,0,1,1
"2353","EEF1A1",0,0,0,0,0,0,0,0,0,1,0
"2354","TUBA1B",0,0,0,0,0,0,0,0,0,1,0
"2355","CAP1",0,0,0,0,0,0,0,0,0,1,0
"2356","RAB11FIP4",0,0,0,0,0,0,0,0,0,1,0
"2357","ANP32B",0,0,0,0,0,0,0,0,0,1,1
"2358","VKORC1",0,0,0,0,0,0,0,0,0,1,1
"2359","DPEP3",0,0,0,0,0,0,0,0,0,1,0
"2360","ARMCX1",0,0,0,0,0,0,0,0,0,1,1
"2361","P0DPI2",0,0,0,0,0,0,0,0,0,0,1
"2362","PSMD11",0,0,0,0,0,0,0,0,0,0,1
"2363","MAN2B1",0,0,0,0,0,0,0,0,0,0,1
"2364","PLXNB1",0,0,0,0,0,0,0,0,0,0,1
"2365","GRID2",0,0,0,0,0,0,0,0,0,0,1
"2366","CUTA",0,0,0,0,0,0,0,0,0,0,1
"2367","DDAH1",0,0,0,0,0,0,0,0,0,0,1
"2368","LY6G6C",0,0,0,0,0,0,0,0,0,0,1
"2369","TGFB1",0,0,0,0,0,0,0,0,0,0,1
"2370","P01706",0,0,0,0,0,0,0,0,0,0,1
"2371","P01718",0,0,0,0,0,0,0,0,0,0,1
"2372","IGHV3-66",0,0,0,0,0,0,0,0,0,0,1
"2373","PIGR",0,0,0,0,0,0,0,0,0,0,1
"2374","HLA-DQB1",0,0,0,0,0,0,0,0,0,0,1
"2375","BCHE",0,0,0,0,0,0,0,0,0,0,1
"2376","GNAO1",0,0,0,0,0,0,0,0,0,0,1
"2377","P0DP01",0,0,0,0,0,0,0,0,0,0,1
"2378","COL11A1",0,0,0,0,0,0,0,0,0,0,1
"2379","TPR",0,0,0,0,0,0,0,0,0,0,1
"2380","NPR2",0,0,0,0,0,0,0,0,0,0,1
"2381","LMNB1",0,0,0,0,0,0,0,0,0,0,1
"2382","CDH3",0,0,0,0,0,0,0,0,0,0,1
"2383","IMPA1",0,0,0,0,0,0,0,0,0,0,1
"2384","THBS2",0,0,0,0,0,0,0,0,0,0,1
"2385","CFHR2",0,0,0,0,0,0,0,0,0,0,1
"2386","RPS19",0,0,0,0,0,0,0,0,0,0,1
"2387","PPT1",0,0,0,0,0,0,0,0,0,0,1
"2388","MTPN",0,0,0,0,0,0,0,0,0,0,1
"2389","RPS29",0,0,0,0,0,0,0,0,0,0,1
"2390","RPS21",0,0,0,0,0,0,0,0,0,0,1
"2391","GTF2I",0,0,0,0,0,0,0,0,0,0,1
"2392","PTGR1",0,0,0,0,0,0,0,0,0,0,1
"2393","PLCB4",0,0,0,0,0,0,0,0,0,0,1
"2394","SLC15A2",0,0,0,0,0,0,0,0,0,0,1
"2395","TMEM119",0,0,0,0,0,0,0,0,0,0,1
"2396","STXBP5",0,0,0,0,0,0,0,0,0,0,1
"2397","WDR82",0,0,0,0,0,0,0,0,0,0,1
"2398","PACS1",0,0,0,0,0,0,0,0,0,0,1
"2399","VPS36",0,0,0,0,0,0,0,0,0,0,1
"2400","HRNR",0,0,0,0,0,0,0,0,0,0,1
"2401","LYPD1",0,0,0,0,0,0,0,0,0,0,1
"2402","COPS5",0,0,0,0,0,0,0,0,0,0,1
"2403","MAL2",0,0,0,0,0,0,0,0,0,0,1
"2404","VPS13A",0,0,0,0,0,0,0,0,0,0,1
"2405","SLC29A1",0,0,0,0,0,0,0,0,0,0,1
"2406","DHRS4",0,0,0,0,0,0,0,0,0,0,1
"2407","NIF3L1",0,0,0,0,0,0,0,0,0,0,1
"2408","PPA2",0,0,0,0,0,0,0,0,0,0,1
"2409","CACNA2D2",0,0,0,0,0,0,0,0,0,0,1
"2410","ABI2",0,0,0,0,0,0,0,0,0,0,1
"2411","PLEK2",0,0,0,0,0,0,0,0,0,0,1
"2412","PODXL2",0,0,0,0,0,0,0,0,0,0,1
"2413","TES",0,0,0,0,0,0,0,0,0,0,1
"2414","LAMP5",0,0,0,0,0,0,0,0,0,0,1
"2415","FBXO2",0,0,0,0,0,0,0,0,0,0,1
"2416","NDRG2",0,0,0,0,0,0,0,0,0,0,1
"2417","NSFL1C",0,0,0,0,0,0,0,0,0,0,1
"2418","IGF2BP2",0,0,0,0,0,0,0,0,0,0,1
