"","Protein.IDs","Majority.protein.IDs","Gene.names","Protein.names","Fasta.headers","Peptides","Peptides.a102","Peptides.a102A","Peptides.a102B","Peptides.a107","Peptides.a107A","Peptides.a107B","Peptides.a109","Peptides.a109A","Peptides.a109B","Peptides.a111","Peptides.a111A","Peptides.a111B","Peptides.a120","Peptides.a120A","Peptides.a120B","Peptides.a33","Peptides.a42","Peptides.a43a","Peptides.a43b","Peptides.a44c","Peptides.a48","Peptides.a51","Peptides.a54","Peptides.a55","Peptides.a57","Peptides.a57A","Peptides.a57B","Peptides.a59A","Peptides.a59B","Peptides.a62","Peptides.a65","Peptides.a71","Peptides.a74A","Peptides.a74B","Peptides.a77","Peptides.a77A","Peptides.a77B","Peptides.a80","Peptides.a80A","Peptides.a80B","Peptides.a85","Peptides.a87","Peptides.a87A","Peptides.a87B","Peptides.a88","Peptides.a88A","Peptides.a88B","Peptides.a90","Peptides.a90A","Peptides.a90B","Peptides.a92","Peptides.a92A","Peptides.a92B","Peptides.a93A","Peptides.a93B"
"122","P35030;B1AN99-cRAP","P35030;B1AN99-cRAP","PRSS3","Trypsin-3","Trypsin-3 OS=Homo sapiens (Human) OX=9606 GN=PRSS3 PE=1 SV=2;Trypsin-3 (Fragment) (cRAP) OS=Homo sapiens GN=PRSS3 PE=3 SV=2",1,1,1,1,0,1,1,0,1,1,1,1,1,1,1,0,1,1,1,1,0,1,0,0,0,1,1,1,1,0,1,1,1,1,1,0,1,0,1,1,1,0,1,1,0,0,0,1,0,1,0,0,1,1,1,0
"132","iRT-fusion-cRAP;iRT-k-cRAP;iRT-g-cRAP;iRT-l-cRAP","iRT-fusion-cRAP","","","iRT Kit Fusion - real (cRAP)",3,1,2,1,1,1,1,1,1,1,1,1,1,1,1,0,0,1,2,1,1,0,0,0,0,0,1,1,1,0,1,2,0,1,2,0,1,0,0,1,1,0,1,1,0,0,0,0,0,1,0,0,2,1,1,1
"134","K7EMD9-cRAP","K7EMD9-cRAP","","","Keratin, type I cytoskeletal 13 (Fragment) (cRAP) OS=Homo sapiens GN=KRT13 PE=1 SV=1",11,5,5,6,4,3,1,3,3,0,4,4,1,5,4,2,1,2,4,2,1,1,1,1,1,1,4,0,1,0,5,5,2,4,2,1,1,1,1,1,1,1,3,1,0,0,1,1,1,2,1,1,3,1,1,0
"135","P13646;K7ERE3-cRAP;P13646-cRAP","P13646;K7ERE3-cRAP;P13646-cRAP","KRT13","Keratin, type I cytoskeletal 13","Keratin, type I cytoskeletal 13 OS=Homo sapiens (Human) OX=9606 GN=KRT13 PE=1 SV=4;Keratin, type I cytoskeletal 13 (cRAP) OS=Homo sapiens GN=KRT13 PE=1 SV=1;Keratin, type I cytoskeletal 13 (cRAP) OS=Homo sapiens GN=KRT13 PE=1 SV=4",17,6,8,10,6,3,2,4,3,1,4,4,2,8,4,2,1,2,6,5,1,1,2,1,1,1,4,1,2,0,7,6,2,4,4,1,2,1,2,3,2,2,4,2,1,1,1,2,3,3,1,2,5,2,1,0
"636","O77727-cRAP","O77727-cRAP","","","Keratin, type I cytoskeletal 15 (cRAP) OS=Ovis aries GN=KRT15 PE=2 SV=1",12,6,4,3,6,3,2,4,2,0,5,5,1,6,4,2,3,3,7,4,1,1,1,2,1,2,4,0,1,0,9,8,2,5,3,1,2,1,1,2,2,1,4,2,0,0,0,1,1,3,1,1,4,1,0,0
"806","P00761-cRAP;P00760-cRAP","P00761-cRAP","","","Trypsin (cRAP) OS=Sus scrofa PE=1 SV=1",12,5,9,3,6,3,4,5,5,3,6,7,3,6,8,3,6,8,9,6,2,3,2,2,3,4,8,3,4,2,9,10,4,6,3,2,5,2,4,6,3,4,6,4,2,2,2,3,2,8,2,3,7,4,4,3
"891","P02533;P02533-cRAP","P02533;P02533-cRAP","KRT14","Keratin, type I cytoskeletal 14","Keratin, type I cytoskeletal 14 OS=Homo sapiens (Human) OX=9606 GN=KRT14 PE=1 SV=4;Keratin, type I cytoskeletal 14 (cRAP) OS=Homo sapiens GN=KRT14 PE=1 SV=4",43,18,24,11,17,12,10,15,14,5,16,19,9,20,16,6,15,18,31,23,3,2,4,12,10,12,19,8,16,2,31,26,13,26,16,7,17,4,13,18,11,14,15,15,4,5,12,4,7,17,4,7,23,15,10,3
"892","P02538;P02538-cRAP","P02538;P02538-cRAP","KRT6A","Keratin, type II cytoskeletal 6A","Keratin, type II cytoskeletal 6A OS=Homo sapiens (Human) OX=9606 GN=KRT6A PE=1 SV=3;Keratin, type II cytoskeletal 6A (cRAP) OS=Homo sapiens GN=KRT6A PE=1 SV=3",49,19,28,6,16,13,8,15,14,4,15,17,4,22,21,10,16,25,24,28,3,7,5,10,9,10,22,7,17,5,33,27,14,29,13,7,13,6,9,18,10,19,19,14,5,4,9,8,10,22,5,10,23,12,13,1
"901","P02662-cRAP-B6E","P02662-cRAP-B6E","","","Alpha-S1-casein (cRAP-B6E) OS=Bos taurus GN=CSN1S1 PE=1 SV=2",9,2,5,0,1,1,0,2,2,0,2,2,0,2,2,0,1,2,4,9,0,0,0,2,2,1,2,0,2,0,3,3,0,2,0,1,2,0,1,2,1,4,2,2,0,0,0,0,0,2,0,0,2,2,1,0
"918","P02754-cRAP-B6E","P02754-cRAP-B6E","","","Beta-lactoglobulin (cRAP-B6E) OS=Bos taurus GN=LGB PE=1 SV=3",7,0,1,0,0,0,0,0,0,0,0,0,0,0,0,0,2,1,3,4,0,0,0,0,2,2,0,0,0,0,6,7,0,1,0,0,0,0,1,0,0,0,0,0,0,0,0,0,0,0,0,0,0,0,0,0
"923","P02768;P02768-cRAP","P02768;P02768-cRAP","ALB","Serum albumin","Albumin OS=Homo sapiens (Human) OX=9606 GN=ALB PE=1 SV=2;Serum albumin (cRAP) OS=Homo sapiens GN=ALB PE=1 SV=2",127,110,46,73,102,42,62,94,39,74,107,45,65,106,72,92,83,75,56,70,92,82,68,76,78,69,69,80,54,91,57,61,59,45,98,69,57,70,56,45,92,46,95,61,92,66,76,98,57,58,74,62,51,67,45,70
"924","P02769-cRAP-B6E","P02769-cRAP-B6E","","","Serum albumin (cRAP-B6E) OS=Bos taurus GN=ALB PE=1 SV=4",40,12,3,4,8,2,5,8,2,5,10,4,6,12,5,8,30,23,16,14,7,8,7,12,15,11,5,7,4,6,22,9,15,3,8,16,4,6,5,4,7,22,9,3,6,4,4,8,5,4,6,6,3,5,2,5
"961","P04259;P04259-cRAP","P04259;P04259-cRAP","KRT6B","Keratin, type II cytoskeletal 6B","Keratin, type II cytoskeletal 6B OS=Homo sapiens (Human) OX=9606 GN=KRT6B PE=1 SV=5;Keratin, type II cytoskeletal 6B (cRAP) OS=Homo sapiens GN=KRT6B PE=1 SV=5",52,17,29,7,14,12,8,13,14,4,14,16,5,19,19,8,16,26,22,25,3,8,4,10,9,9,18,8,16,4,33,26,13,28,14,6,12,6,9,16,10,19,17,11,5,3,10,8,9,18,5,11,23,12,11,1
"962","P04264;P04264-cRAP","P04264;P04264-cRAP","KRT1","Keratin, type II cytoskeletal 1","Keratin, type II cytoskeletal 1 OS=Homo sapiens (Human) OX=9606 GN=KRT1 PE=1 SV=6;Keratin, type II cytoskeletal 1 (cRAP) OS=Homo sapiens GN=KRT1 PE=1 SV=6",69,43,55,17,37,37,24,37,27,18,42,38,15,42,41,18,38,46,51,50,10,15,17,28,31,40,42,20,33,13,48,44,34,51,28,16,31,17,33,35,27,38,36,32,17,11,27,23,24,36,15,26,49,33,31,10
"1020","P05783;F8VZY9-cRAP","P05783;F8VZY9-cRAP","KRT18","Keratin, type I cytoskeletal 18","Keratin, type I cytoskeletal 18 OS=Homo sapiens (Human) OX=9606 GN=KRT18 PE=1 SV=2;Keratin, type I cytoskeletal 18 (cRAP) OS=Homo sapiens GN=KRT18 PE=1 SV=1",38,12,8,2,14,9,11,10,11,3,6,2,1,10,12,2,1,1,2,0,0,0,2,0,0,5,17,14,9,2,2,7,5,16,26,2,9,2,5,16,12,15,11,10,1,2,3,6,10,17,4,2,12,16,2,0
"1021","P05787;P05787-cRAP;P48736;REV__Q9C0D2","P05787;P05787-cRAP","KRT8","Keratin, type II cytoskeletal 8","Keratin, type II cytoskeletal 8 OS=Homo sapiens (Human) OX=9606 GN=KRT8 PE=1 SV=7;Keratin, type II cytoskeletal 8 (cRAP) OS=Homo sapiens GN=KRT8 PE=1 SV=7",57,23,20,8,29,16,18,23,20,7,16,8,1,24,23,4,6,8,4,5,1,1,4,2,2,14,27,22,18,5,13,19,11,28,44,9,14,10,13,24,22,34,25,18,7,3,9,14,15,27,13,14,24,26,5,0
"1074","P07477;H0Y8D1-cRAP;P07478;Q8NHM4","P07477;H0Y8D1-cRAP","PRSS1","Trypsin-1;Alpha-trypsin chain 1;Alpha-trypsin chain 2","Trypsin-1 OS=Homo sapiens (Human) OX=9606 GN=PRSS1 PE=1 SV=1;Trypsin-1 (Fragment) (cRAP) OS=Homo sapiens GN=PRSS1 PE=3 SV=1",3,2,1,0,2,0,0,2,0,0,2,0,0,2,1,0,1,0,2,2,1,0,0,0,1,1,1,0,0,0,1,3,1,1,1,0,0,0,1,1,0,1,2,0,0,0,0,0,1,1,0,1,1,1,1,0
"1138","P08727;P08727-cRAP","P08727;P08727-cRAP","KRT19","Keratin, type I cytoskeletal 19","Keratin, type I cytoskeletal 19 OS=Homo sapiens (Human) OX=9606 GN=KRT19 PE=1 SV=4;Keratin, type I cytoskeletal 19 (cRAP) OS=Homo sapiens GN=KRT19 PE=1 SV=4",40,18,15,9,21,12,16,20,17,4,10,8,5,16,15,7,9,10,9,7,2,1,9,2,2,14,25,16,14,2,12,20,15,28,35,11,11,4,15,25,16,28,18,16,6,6,9,7,20,25,12,13,21,21,14,1
"1139","P08729;P08729-cRAP","P08729;P08729-cRAP","KRT7","Keratin, type II cytoskeletal 7","Keratin, type II cytoskeletal 7 OS=Homo sapiens (Human) OX=9606 GN=KRT7 PE=1 SV=5;Keratin, type II cytoskeletal 7 (cRAP) OS=Homo sapiens GN=KRT7 PE=1 SV=5",39,12,12,1,18,11,11,14,10,1,6,4,0,15,15,0,2,4,2,3,0,0,6,0,0,10,19,10,12,2,5,8,4,11,16,3,7,1,4,12,8,22,13,6,2,0,3,3,9,19,8,4,13,14,8,0
"1142","P08779;P08779-cRAP;P35900;Q8N1A0;Q7Z3Y9","P08779;P08779-cRAP","KRT16","Keratin, type I cytoskeletal 16","Keratin, type I cytoskeletal 16 OS=Homo sapiens (Human) OX=9606 GN=KRT16 PE=1 SV=4;Keratin, type I cytoskeletal 16 (cRAP) OS=Homo sapiens GN=KRT16 PE=1 SV=4",41,16,25,9,13,14,12,16,11,7,17,18,9,19,18,7,16,19,31,25,3,4,5,8,12,15,21,10,17,2,33,32,15,28,17,5,17,4,17,17,11,18,15,16,4,3,13,5,10,19,3,10,22,12,12,5
"1192","Q9BYT5;Q9BYU5;Q9BYR9;P0C7H8;P02443-cRAP;P02441-cRAP","Q9BYT5;Q9BYU5;Q9BYR9;P0C7H8;P02443-cRAP;P02441-cRAP","KRTAP2-2;KRTAP2-1;KRTAP2-4;KRTAP2-3","Keratin-associated protein 2-2;Keratin-associated protein 2-1;Keratin-associated protein 2-4;Keratin-associated protein 2-3","Keratin-associated protein 2-2 OS=Homo sapiens (Human) OX=9606 GN=KRTAP2-2 PE=2 SV=3;Keratin-associated protein 2-1 OS=Homo sapiens (Human) OX=9606 GN=KRTAP2-1 PE=2 SV=2;Keratin-associated protein 2-4 OS=Homo sapiens (Human) OX=9606 GN=KRTAP2-4 PE=1 SV=1;K",4,0,0,0,1,0,0,3,0,0,0,0,0,0,0,0,0,0,0,0,0,2,0,0,0,0,0,0,0,0,0,0,0,0,0,0,0,0,0,0,0,0,0,0,0,0,0,0,0,0,0,0,0,0,0,0
"1272","P12035;P12035-cRAP","P12035;P12035-cRAP","KRT3","Keratin, type II cytoskeletal 3","Keratin, type II cytoskeletal 3 OS=Homo sapiens (Human) OX=9606 GN=KRT3 PE=1 SV=3;Keratin, type II cytoskeletal 3 (cRAP) OS=Homo sapiens GN=KRT3 PE=1 SV=3",20,7,9,2,6,2,3,4,3,1,7,7,1,7,6,3,4,9,7,9,0,2,2,3,3,3,9,3,4,1,11,8,2,12,6,1,3,2,2,5,4,7,5,5,2,1,3,3,3,5,3,4,7,5,3,1
"1318","P13645;P13645-cRAP;Q7Z3Y8;Q2M2I5;Q7Z3Y8-cRAP;Q7Z3Z0","P13645;P13645-cRAP","KRT10","Keratin, type I cytoskeletal 10","Keratin, type I cytoskeletal 10 OS=Homo sapiens (Human) OX=9606 GN=KRT10 PE=1 SV=6;Keratin, type I cytoskeletal 10 (cRAP) OS=Homo sapiens GN=KRT10 PE=1 SV=6",54,37,38,21,34,26,23,30,27,17,34,31,19,38,31,19,24,32,37,36,10,10,11,22,17,29,35,22,22,12,35,36,27,38,26,12,27,21,27,25,27,24,35,28,19,5,20,18,13,26,12,11,39,25,22,11
"1319","P13647;P13647-cRAP","P13647;P13647-cRAP","KRT5","Keratin, type II cytoskeletal 5","Keratin, type II cytoskeletal 5 OS=Homo sapiens (Human) OX=9606 GN=KRT5 PE=1 SV=3;Keratin, type II cytoskeletal 5 (cRAP) OS=Homo sapiens GN=KRT5 PE=1 SV=3",55,21,28,5,21,15,8,17,13,3,21,22,6,23,20,7,14,24,32,25,2,5,4,12,9,14,23,7,14,3,34,31,11,32,21,5,12,4,8,16,12,19,19,16,4,5,10,9,7,20,7,10,24,9,10,0
"1367","P14923;P14923-cRAP","P14923;P14923-cRAP","JUP","Junction plakoglobin","Junction plakoglobin OS=Homo sapiens (Human) OX=9606 GN=JUP PE=1 SV=3;Junction plakoglobin (cRAP) OS=Homo sapiens GN=JUP PE=1 SV=3",35,22,15,1,27,17,1,23,3,0,18,5,0,24,16,0,7,9,16,10,2,0,13,6,5,18,20,0,7,0,20,12,8,18,1,11,10,0,14,6,0,7,21,9,0,8,8,1,11,16,1,9,9,2,24,0
"1378","P15241-cRAP","P15241-cRAP","","","Keratin, type II microfibrillar, component 7C (cRAP) OS=Ovis aries PE=1 SV=1",18,1,1,1,1,0,1,10,1,0,1,1,0,1,1,0,3,2,2,1,0,10,0,0,0,1,2,1,1,0,3,2,0,1,1,0,1,0,0,1,1,1,1,1,1,1,0,1,0,1,1,1,1,1,0,0
"1379","P15252-cRAP","P15252-cRAP","","","Rubber elongation factor protein (cRAP) OS=Hevea brasiliensis PE=1 SV=2",9,2,5,0,1,0,0,1,0,0,1,4,0,2,2,0,0,2,5,0,0,0,0,0,0,0,5,0,0,0,2,5,1,2,1,0,1,0,0,1,0,0,1,1,0,0,1,0,0,2,0,0,1,0,0,0
"1396","P15924;P15924-cRAP;P15924-2-cRAP","P15924;P15924-cRAP;P15924-2-cRAP","DSP","Desmoplakin","Desmoplakin OS=Homo sapiens (Human) OX=9606 GN=DSP PE=1 SV=3;Desmoplakin (cRAP) OS=Homo sapiens GN=DSP PE=1 SV=3;Isoform DPII of Desmoplakin (cRAP) OS=Homo sapiens GN=DSP",65,8,19,3,23,10,2,15,3,2,6,9,2,8,9,2,4,12,30,20,1,1,1,1,2,4,15,1,7,0,21,17,5,34,1,1,7,1,3,4,1,10,7,7,0,4,2,1,10,11,1,5,15,7,4,0
"1474","P19013;P19013-cRAP","P19013;P19013-cRAP","KRT4","Keratin, type II cytoskeletal 4","Keratin, type II cytoskeletal 4 OS=Homo sapiens (Human) OX=9606 GN=KRT4 PE=1 SV=5;Keratin, type II cytoskeletal 4 (cRAP) OS=Homo sapiens GN=KRT4 PE=1 SV=4",9,2,3,7,2,1,0,1,1,0,1,2,0,2,2,1,1,1,2,2,0,0,0,0,1,1,3,1,1,0,3,3,1,3,3,0,1,0,1,1,0,1,2,1,0,0,1,0,0,0,0,1,3,1,1,0
"1643","P25690-cRAP","P25690-cRAP","","","Keratin, type I microfibrillar, 47.6 kDa (cRAP) OS=Ovis aries PE=3 SV=2",9,1,0,0,0,0,0,4,0,0,0,0,0,0,0,0,0,0,1,1,0,6,0,0,0,0,0,0,0,0,1,1,0,1,0,0,0,0,0,0,0,0,0,0,0,0,0,0,0,0,0,0,0,0,0,0
"1864","P35527;P35527-cRAP","P35527;P35527-cRAP","KRT9","Keratin, type I cytoskeletal 9","Keratin, type I cytoskeletal 9 OS=Homo sapiens (Human) OX=9606 GN=KRT9 PE=1 SV=3;Keratin, type I cytoskeletal 9 (cRAP) OS=Homo sapiens GN=KRT9 PE=1 SV=3",50,30,34,16,28,23,16,26,16,10,30,28,10,31,26,10,22,28,32,31,4,8,7,13,15,18,28,14,22,7,32,31,21,32,20,7,24,8,20,21,13,19,30,20,11,4,18,8,8,25,11,10,30,24,23,7
"1884","P35908;P35908-cRAP","P35908;P35908-cRAP","KRT2","Keratin, type II cytoskeletal 2 epidermal","Keratin, type II cytoskeletal 2 epidermal OS=Homo sapiens (Human) OX=9606 GN=KRT2 PE=1 SV=2;Keratin, type II cytoskeletal 2 epidermal (cRAP) OS=Homo sapiens GN=KRT2 PE=1 SV=2",70,30,46,16,27,25,20,22,24,13,26,32,13,32,35,18,18,36,43,40,10,8,9,24,17,23,37,20,25,7,37,33,26,49,28,12,25,11,20,27,24,23,25,24,14,7,23,16,12,27,9,15,37,30,19,8
"2080","P48668;P48668-cRAP","P48668;P48668-cRAP","KRT6C","Keratin, type II cytoskeletal 6C","Keratin, type II cytoskeletal 6C OS=Homo sapiens (Human) OX=9606 GN=KRT6C PE=1 SV=3;Keratin, type II cytoskeletal 6C (cRAP) OS=Homo sapiens GN=KRT6C PE=1 SV=3",53,19,32,6,16,13,8,15,14,4,15,17,5,22,20,9,16,26,24,27,3,7,5,10,9,10,21,8,17,5,34,27,14,30,13,7,13,6,9,18,10,19,19,14,5,4,9,8,10,22,5,10,23,11,12,1
"2461","P62937;P62937-cRAP;F5H284;Q9Y536;P0DN26;A0A0B4J2A2;A0A075B767;A0A075B759;P0DN37;O43447","P62937;P62937-cRAP","PPIA","Peptidyl-prolyl cis-trans isomerase A;Peptidyl-prolyl cis-trans isomerase A, N-terminally processed","Peptidyl-prolyl cis-trans isomerase A OS=Homo sapiens (Human) OX=9606 GN=PPIA PE=1 SV=2;Peptidyl-prolyl cis-trans isomerase A (cRAP) OS=Homo sapiens GN=PPIA PE=1 SV=2",14,11,7,0,12,7,5,13,4,0,11,6,0,10,8,0,5,7,10,5,8,1,4,3,0,5,8,0,7,0,10,9,6,5,5,4,4,0,6,5,1,2,12,6,0,3,8,4,5,7,1,4,6,2,11,0
"2594","Q01546;Q01546-cRAP","Q01546;Q01546-cRAP","KRT76","Keratin, type II cytoskeletal 2 oral","Keratin, type II cytoskeletal 2 oral OS=Homo sapiens (Human) OX=9606 GN=KRT76 PE=1 SV=2;Keratin, type II cytoskeletal 2 oral (cRAP) OS=Homo sapiens GN=KRT76 PE=1 SV=2",18,9,10,3,7,5,4,4,6,1,7,8,1,9,9,5,4,9,8,8,0,1,2,4,3,3,11,4,7,1,10,8,4,12,9,2,5,2,2,7,5,7,8,6,2,2,4,4,3,6,4,4,9,5,4,1
"2617","Q02413;Q02413-cRAP","Q02413;Q02413-cRAP","DSG1","Desmoglein-1","Desmoglein-1 OS=Homo sapiens (Human) OX=9606 GN=DSG1 PE=1 SV=2;Desmoglein-1 (cRAP) OS=Homo sapiens GN=DSG1 PE=1 SV=2",20,1,8,0,0,0,0,0,0,0,1,2,0,1,4,0,0,6,12,10,0,0,0,1,0,1,4,0,2,0,11,11,1,12,0,0,1,0,1,1,0,1,1,1,0,0,1,0,1,4,0,1,6,0,1,0
"2618","Q02487;Q02487-cRAP","Q02487;Q02487-cRAP","DSC2","Desmocollin-2","Desmocollin-2 OS=Homo sapiens (Human) OX=9606 GN=DSC2 PE=1 SV=1;Desmocollin-2 (cRAP) OS=Homo sapiens GN=DSC2 PE=1 SV=1",11,3,0,0,3,0,0,3,0,0,1,0,0,0,0,0,0,0,0,0,0,0,0,1,0,3,1,0,0,0,0,0,1,0,0,4,0,0,2,0,0,1,1,0,0,4,0,0,2,0,0,1,0,0,3,0
"2644","Q04695;Q04695-cRAP","Q04695;Q04695-cRAP","KRT17","Keratin, type I cytoskeletal 17","Keratin, type I cytoskeletal 17 OS=Homo sapiens (Human) OX=9606 GN=KRT17 PE=1 SV=2;Keratin, type I cytoskeletal 17 (cRAP) OS=Homo sapiens GN=KRT17 PE=1 SV=2",34,10,20,7,9,4,6,10,9,3,9,8,5,11,9,3,10,13,22,17,2,1,3,3,4,5,11,5,11,1,18,19,8,17,10,7,11,1,7,9,7,6,9,8,2,4,7,2,8,10,2,5,18,7,6,1
"2708","Q08554;Q08554-2-cRAP;Q08554-cRAP","Q08554;Q08554-2-cRAP;Q08554-cRAP","DSC1","Desmocollin-1","Desmocollin-1 OS=Homo sapiens (Human) OX=9606 GN=DSC1 PE=1 SV=2;Isoform 1B of Desmocollin-1 (cRAP) OS=Homo sapiens GN=DSC1;Desmocollin-1 (cRAP) OS=Homo sapiens GN=DSC1 PE=1 SV=2",9,2,2,0,1,0,0,0,0,0,2,2,0,2,0,0,0,2,7,2,0,0,0,1,0,0,1,0,0,0,5,3,1,8,0,0,0,0,1,0,0,1,2,0,0,0,0,0,0,1,0,0,3,0,0,0
"2886","Q13835;Q13835-cRAP","Q13835;Q13835-cRAP","PKP1","Plakophilin-1","Plakophilin-1 OS=Homo sapiens (Human) OX=9606 GN=PKP1 PE=1 SV=2;Plakophilin-1 (cRAP) OS=Homo sapiens GN=PKP1 PE=1 SV=2",7,1,3,0,1,0,0,1,1,0,1,1,0,1,1,0,0,3,5,3,0,0,0,0,0,1,2,0,1,0,3,4,0,3,0,0,1,0,0,1,0,1,1,1,0,0,1,0,0,1,0,0,1,1,1,0
"2904","Q14126;Q14126-cRAP","Q14126;Q14126-cRAP","DSG2","Desmoglein-2","Desmoglein-2 OS=Homo sapiens (Human) OX=9606 GN=DSG2 PE=1 SV=2;Desmoglein-2 (cRAP) OS=Homo sapiens GN=DSG2 PE=1 SV=2",22,15,5,2,19,4,2,16,2,2,13,2,0,13,3,1,1,0,0,0,0,0,2,1,0,5,6,2,2,0,0,0,2,2,0,3,5,0,6,1,0,1,10,0,0,4,2,2,5,6,0,1,5,0,18,1
"2957","Q14574;Q14574-2-cRAP","Q14574;Q14574-2-cRAP","DSC3","Desmocollin-3","Desmocollin-3 OS=Homo sapiens (Human) OX=9606 GN=DSC3 PE=1 SV=3;Isoform 3B of Desmocollin-3 (cRAP) OS=Homo sapiens GN=DSC3",10,3,1,0,0,0,0,7,0,0,2,0,0,2,0,0,0,0,0,0,0,0,1,1,0,4,0,0,0,0,0,1,3,3,0,5,0,0,4,0,0,3,4,0,0,1,0,0,3,0,0,4,2,0,0,0
"3000","Q14CN4;Q14CN4-cRAP","Q14CN4;Q14CN4-cRAP","KRT72","Keratin, type II cytoskeletal 72","Keratin, type II cytoskeletal 72 OS=Homo sapiens (Human) OX=9606 GN=KRT72 PE=1 SV=2;Keratin, type II cytoskeletal 72 (cRAP) OS=Homo sapiens GN=KRT72 PE=1 SV=2",9,2,2,0,3,1,3,1,0,0,1,1,0,2,2,1,2,2,0,1,0,0,1,1,1,2,3,2,2,0,3,3,2,0,2,0,0,0,1,2,0,4,2,1,0,0,1,0,2,2,1,1,4,2,2,0
"3254","Q5D862;Q5D862-cRAP","Q5D862;Q5D862-cRAP","FLG2","Filaggrin-2","Filaggrin-2 OS=Homo sapiens (Human) OX=9606 GN=FLG2 PE=1 SV=1;Filaggrin-2 (cRAP) OS=Homo sapiens GN=FLG2 PE=1 SV=1",14,4,6,0,3,0,1,3,0,1,2,4,0,5,5,1,4,7,6,9,1,1,2,5,3,3,4,0,1,1,5,3,3,6,0,0,1,0,2,1,2,3,4,2,0,1,1,1,1,3,1,1,6,2,0,1
"3302","Q5T749;Q5T749-cRAP","Q5T749;Q5T749-cRAP","KPRP","Keratinocyte proline-rich protein","Keratinocyte proline-rich protein OS=Homo sapiens (Human) OX=9606 GN=KPRP PE=1 SV=1;Keratinocyte proline-rich protein (cRAP) OS=Homo sapiens GN=KPRP PE=1 SV=1",15,0,5,0,0,0,0,0,0,0,0,0,0,0,3,0,2,6,12,5,0,0,1,3,0,0,1,0,0,0,7,9,3,6,0,2,1,0,1,0,0,3,0,0,0,0,0,0,0,0,0,0,2,0,0,0
"3340","Q5XKE5;Q5XKE5-cRAP","Q5XKE5;Q5XKE5-cRAP","KRT79","Keratin, type II cytoskeletal 79","Keratin, type II cytoskeletal 79 OS=Homo sapiens (Human) OX=9606 GN=KRT79 PE=1 SV=2;Keratin, type II cytoskeletal 79 (cRAP) OS=Homo sapiens GN=KRT79 PE=1 SV=2",16,7,8,2,7,3,4,4,4,2,7,5,1,7,7,2,3,7,6,7,1,2,1,3,1,2,8,3,5,1,10,8,2,8,6,2,3,2,2,4,4,5,6,6,2,1,3,3,1,6,2,4,6,4,3,0
"3386","Q6KB66;Q6KB66-cRAP","Q6KB66;Q6KB66-cRAP","KRT80","Keratin, type II cytoskeletal 80","Keratin, type II cytoskeletal 80 OS=Homo sapiens (Human) OX=9606 GN=KRT80 PE=1 SV=2;Keratin, type II cytoskeletal 80 (cRAP) OS=Homo sapiens GN=KRT80 PE=1 SV=2",7,0,4,0,0,0,0,0,1,0,0,1,0,0,1,0,0,1,3,1,0,0,0,1,0,0,2,0,1,0,2,4,0,0,0,0,1,0,0,0,0,0,0,1,0,0,0,0,1,1,0,0,0,1,0,0
"3587","Q7Z794;Q7Z794-cRAP","Q7Z794;Q7Z794-cRAP","KRT77","Keratin, type II cytoskeletal 1b","Keratin, type II cytoskeletal 1b OS=Homo sapiens (Human) OX=9606 GN=KRT77 PE=1 SV=3;Keratin, type II cytoskeletal 1b (cRAP) OS=Homo sapiens GN=KRT77 PE=2 SV=3",17,3,10,1,3,2,1,2,2,1,3,6,1,3,4,2,5,6,5,5,1,1,3,2,2,6,5,2,3,0,3,6,2,4,3,1,2,2,2,2,3,5,3,2,1,0,3,2,2,2,2,4,11,3,2,1
"3754","Q8N1N4;Q8N1N4-cRAP","Q8N1N4;Q8N1N4-cRAP","KRT78","Keratin, type II cytoskeletal 78","Keratin, type II cytoskeletal 78 OS=Homo sapiens (Human) OX=9606 GN=KRT78 PE=1 SV=2;Keratin, type II cytoskeletal 78 (cRAP) OS=Homo sapiens GN=KRT78 PE=2 SV=2",9,2,4,1,1,1,2,1,3,0,2,3,0,3,4,0,2,4,6,4,0,0,1,2,2,2,5,2,3,0,8,4,3,5,2,0,3,0,1,4,2,3,3,3,1,0,1,2,1,4,1,1,3,3,3,0
"4415","Q99959-2-cRAP;Q99959","Q99959-2-cRAP;Q99959","PKP2","Plakophilin-2","Isoform 1 of Plakophilin-2 (cRAP) OS=Homo sapiens GN=PKP2;Plakophilin-2 OS=Homo sapiens (Human) OX=9606 GN=PKP2 PE=1 SV=2",20,10,2,0,8,0,0,15,0,0,6,0,0,8,0,0,1,0,0,0,9,0,1,1,0,7,4,0,0,0,0,0,0,0,0,5,1,0,5,0,0,4,9,0,0,0,0,0,5,0,0,3,1,0,4,0
"4593","Q9C075;Q9C075-cRAP","Q9C075;Q9C075-cRAP","KRT23","Keratin, type I cytoskeletal 23","Keratin, type I cytoskeletal 23 OS=Homo sapiens (Human) OX=9606 GN=KRT23 PE=1 SV=2;Keratin, type I cytoskeletal 23 (cRAP) OS=Homo sapiens GN=KRT23 PE=1 SV=2",2,0,0,0,0,0,0,0,0,0,0,0,0,0,0,0,0,0,0,0,0,0,0,0,0,0,0,0,0,0,0,0,0,0,0,0,0,0,0,0,0,0,0,0,0,0,0,0,1,0,0,0,1,0,0,0
"5395","Q9Y446;Q9Y446-cRAP","Q9Y446;Q9Y446-cRAP","PKP3","Plakophilin-3","Plakophilin-3 OS=Homo sapiens (Human) OX=9606 GN=PKP3 PE=1 SV=1;Plakophilin-3 (cRAP) OS=Homo sapiens GN=PKP3 PE=1 SV=1",13,2,0,0,5,0,0,4,0,0,0,0,0,0,0,0,1,0,0,0,1,0,3,0,0,1,0,0,0,0,0,0,0,0,0,0,0,0,0,0,0,0,0,0,0,1,0,0,1,0,0,1,0,0,11,0
"5512","REV__P08779-cRAP;REV__P08779","REV__P08779-cRAP;REV__P08779","","","Keratin, type I cytoskeletal 16 (cRAP) OS=Homo sapiens GN=KRT16 PE=1 SV=4;Keratin, type I cytoskeletal 16 OS=Homo sapiens (Human) OX=9606 GN=KRT16 PE=1 SV=4",1,0,0,0,0,0,0,0,0,0,0,0,0,0,0,1,0,0,0,0,0,0,0,0,0,0,0,0,0,0,0,0,0,0,0,0,0,0,0,0,0,0,0,0,0,0,0,0,0,0,1,0,0,0,0,0
