"","category","marker","Gene.name.updated","U1","U2","U3","U4","U5","U6","U7","U8","U9","U10","U11","S1","S2","S3","S4","S5","S6","S7","S8","S9","S10","S11","B1","B2","B3","B4","B5","B6","B7","B8","B9","B10","B11"
"1","cat1","CD63","CD63",33202,9917.5,16396,80003,20336,0,53349,119480,38593,10673,84231,5979.4,0,6660.9,0,7496.4,4334.7,22981,5346,0,7500.9,4235.2,0,0,0,0,0,0,0,0,0,0,0
"2","cat1","CD81","CD81",189540,2414.7,482610,779210,17571,25544,548590,582920,1659000,302630,448610,153750,179960,105570,226480,83477,138210,79540,111100,131000,148700,175290,0,0,0,0,0,0,0,0,0,0,0
"3","cat1","CD82","CD82",40176,63903,27439,57936,116600,66517,112080,147720,237930,43037,93038,13498,47071,2837.6,20840,51597,28819,30986,69803,15670,15671,32719,0,0,0,0,0,0,0,0,0,0,0
"4","cat1","CD9","CD9",3649200,421810,755590,1059000,634190,330920,2019800,2510100,2920600,482810,1173300,906520,260260,76545,480450,214210,135240,209940,800520,231480,232910,412080,0,0,0,0,0,734.46,0,3855.4,0,0,0
"5","cat1","CD47","CD47",0,0,1932.3,1083.4,3835,9154,2891,13433,4767.2,1646.2,6321.4,14877,6703.4,5269.5,24154,41605,0,31810,12797,5557.8,7325.9,50530,0,0,0,0,0,0,0,0,0,0,0
"6","cat1","GNAI1","GNAI1",14794,5672.8,24285,35649,11009,21774,32601,31903,36693,9907.5,27091,6173.3,8125.6,11690,13441,14612,7528.5,7807.5,3920.6,1936.7,2185.1,8719.9,0,0,0,0,0,0,0,0,0,0,0
"7","cat1","GNAI2","GNAI2",567090,1091800,976610,1102400,790670,585120,1258000,1318400,2658300,453140,1065400,201910,427240,237210,410450,194850,246570,279030,161510,212480,188150,304340,0,0,0,7308.2,0,0,0,0,0,0,158.37
"8","cat1","GNAI3","GNAI3",40926,27747,57075,157890,116900,11465,191140,376780,373840,86370,173220,28662,63993,2692.7,70111,50688,28617,20584,89106,14891,8301.7,56581,0,0,0,0,0,0,0,0,0,0,0
"9","cat1","GNAO1","GNAO1",0,0,0,1963.7,0,1707,2404.6,1391.7,0,555.97,9765.6,0,0,0,0,0,0,0,0,0,0,2108.9,0,0,0,0,0,0,0,0,0,0,0
"10","cat1","GNAT1","GNAT1",NA,NA,NA,NA,NA,NA,NA,NA,NA,NA,NA,NA,NA,NA,NA,NA,NA,NA,NA,NA,NA,NA,NA,NA,NA,NA,NA,NA,NA,NA,NA,NA,NA
"11","cat1","GNAT2","GNAT2",NA,NA,NA,NA,NA,NA,NA,NA,NA,NA,NA,NA,NA,NA,NA,NA,NA,NA,NA,NA,NA,NA,NA,NA,NA,NA,NA,NA,NA,NA,NA,NA,NA
"12","cat1","GNAT3","GNAT3",NA,NA,NA,NA,NA,NA,NA,NA,NA,NA,NA,NA,NA,NA,NA,NA,NA,NA,NA,NA,NA,NA,NA,NA,NA,NA,NA,NA,NA,NA,NA,NA,NA
"13","cat1","GNAZ","GNAZ",NA,NA,NA,NA,NA,NA,NA,NA,NA,NA,NA,NA,NA,NA,NA,NA,NA,NA,NA,NA,NA,NA,NA,NA,NA,NA,NA,NA,NA,NA,NA,NA,NA
"14","cat1","GNAQ","GNAQ",47596,57312,69113,68987,80899,28584,49290,46823,120770,18080,37516,10945,11465,10524,37006,15326,20289,11644,2800.4,3590,3386.7,5993.9,0,0,0,0,0,0,0,0,0,0,0
"15","cat1","GNA11","GNA11",47824,53814,101860,69413,88769,39648,77768,51269,92344,18063,51759,13267,14658,6488.5,59141,36934,24987,24089,767.73,1968.5,871.6,20926,0,0,0,0,0,0,0,0,0,0,0
"16","cat1","GNA14","GNA14",5603.3,2006.2,9666.5,8558.6,5467.6,14405,7123.2,3759.8,12390,2148.7,1524.1,596.13,1728.8,1556.2,3220.6,3085,3154.8,1539.3,458.65,180.25,0,1280.4,0,0,0,0,1248.9,0,0,0,0,0,0
"17","cat1","GNA15","GNA15",0,0,0,407.05,0,0,0,0,2686.9,0,0,0,0,0,0,0,0,0,0,0,0,0,0,0,0,0,0,0,0,0,0,0,0
"18","cat1","GNAL","GNAL",NA,NA,NA,NA,NA,NA,NA,NA,NA,NA,NA,NA,NA,NA,NA,NA,NA,NA,NA,NA,NA,NA,NA,NA,NA,NA,NA,NA,NA,NA,NA,NA,NA
"19","cat1","GNAS","GNAS",72520,61354,70828,130600,74241,19505,91567,82813,217710,37405,92833,28864,20486,11224,37227,21471,14171,20215,9065.3,10715,12230,35601,0,0,0,0,0,0,0,0,0,0,0
"20","cat1","GNB1","GNB1",597060,532070,751610,646550,750860,498930,516890,683480,1191700,207440,559050,54145,85522,66888,147330,87889,75394,71951,63432,60619,60218,98639,0,0,0,0,0,0,0,0,0,0,5622.1
"21","cat1","GNB2","GNB2",906360,553570,1572100,1161300,429140,448560,1074600,1232300,2343800,474410,978970,172910,220410,131880,361890,187750,248460,271470,157710,92390,93606,312680,0,0,0,0,1376.7,0,0,3610.2,0,0,0
"22","cat1","GNB3","GNB3",NA,NA,NA,NA,NA,NA,NA,NA,NA,NA,NA,NA,NA,NA,NA,NA,NA,NA,NA,NA,NA,NA,NA,NA,NA,NA,NA,NA,NA,NA,NA,NA,NA
"23","cat1","GNB4","GNB4",105740,58833,202250,210640,90286,37970,135000,119530,513460,60413,60306,10310,5449.9,9727.8,26151,0,34737,0,0,4396.8,4973.9,3449.8,0,0,0,0,0,0,0,0,0,0,0
"24","cat1","GNB5","GNB5",NA,NA,NA,NA,NA,NA,NA,NA,NA,NA,NA,NA,NA,NA,NA,NA,NA,NA,NA,NA,NA,NA,NA,NA,NA,NA,NA,NA,NA,NA,NA,NA,NA
"25","cat1","GNGT1","GNGT1",NA,NA,NA,NA,NA,NA,NA,NA,NA,NA,NA,NA,NA,NA,NA,NA,NA,NA,NA,NA,NA,NA,NA,NA,NA,NA,NA,NA,NA,NA,NA,NA,NA
"26","cat1","GNGT2","GNGT2",NA,NA,NA,NA,NA,NA,NA,NA,NA,NA,NA,NA,NA,NA,NA,NA,NA,NA,NA,NA,NA,NA,NA,NA,NA,NA,NA,NA,NA,NA,NA,NA,NA
"27","cat1","GNG2","GNG2",17194,25957,34971,98606,10622,25281,69212,80074,158710,10543,53937,41282,70565,49854,71272,17560,7073.4,40509,0,39775,37438,50692,0,0,0,0,0,0,0,0,0,0,0
"28","cat1","GNG3","GNG3",NA,NA,NA,NA,NA,NA,NA,NA,NA,NA,NA,NA,NA,NA,NA,NA,NA,NA,NA,NA,NA,NA,NA,NA,NA,NA,NA,NA,NA,NA,NA,NA,NA
"29","cat1","GNG4","GNG4",0,0,0,1479.7,0,0,48194,0,24906,0,0,0,0,0,0,0,0,0,0,0,0,0,0,0,0,0,0,0,0,0,0,0,0
"30","cat1","GNG5","GNG5",28125,116730,52223,306630,65917,47172,282110,527970,1117700,86276,380170,0,0,0,0,0,0,0,5223.3,0,7946.1,13181,0,0,0,0,0,0,0,0,0,0,0
"31","cat1","GNG7","GNG7",2811.2,24242,18736,4856,12566,19513,4028.2,0,5499.6,0,389.52,0,0,0,0,0,0,0,0,0,0,0,0,0,0,0,0,0,0,0,0,0,0
"32","cat1","GNG8","GNG8",NA,NA,NA,NA,NA,NA,NA,NA,NA,NA,NA,NA,NA,NA,NA,NA,NA,NA,NA,NA,NA,NA,NA,NA,NA,NA,NA,NA,NA,NA,NA,NA,NA
"33","cat1","GNG10","GNG10",34154,100450,5055.8,43519,233560,77718,31521,49958,215330,9304.4,59310,6132.9,2178.6,0,11481,36426,0,0,0,0,0,27133,0,0,0,0,0,0,0,0,0,0,0
"34","cat1","GNG11","GNG11",NA,NA,NA,NA,NA,NA,NA,NA,NA,NA,NA,NA,NA,NA,NA,NA,NA,NA,NA,NA,NA,NA,NA,NA,NA,NA,NA,NA,NA,NA,NA,NA,NA
"35","cat1","GNG12","GNG12",179780,215190,495180,859180,211850,297820,847680,540720,652210,327940,511950,180910,61605,57407,29358,117610,97709,327970,33835,19308,26082,149790,0,0,0,0,0,0,0,0,0,0,1156.6
"36","cat1","GNG13","GNG13",NA,NA,NA,NA,NA,NA,NA,NA,NA,NA,NA,NA,NA,NA,NA,NA,NA,NA,NA,NA,NA,NA,NA,NA,NA,NA,NA,NA,NA,NA,NA,NA,NA
"37","cat1","GNG14","GNG14",NA,NA,NA,NA,NA,NA,NA,NA,NA,NA,NA,NA,NA,NA,NA,NA,NA,NA,NA,NA,NA,NA,NA,NA,NA,NA,NA,NA,NA,NA,NA,NA,NA
"38","cat1","HLA-A/B/C","HLA-A/B/C",NA,NA,NA,NA,NA,NA,NA,NA,NA,NA,NA,NA,NA,NA,NA,NA,NA,NA,NA,NA,NA,NA,NA,NA,NA,NA,NA,NA,NA,NA,NA,NA,NA
"39","cat1","H2-K/D/Q","H2-K/D/Q",NA,NA,NA,NA,NA,NA,NA,NA,NA,NA,NA,NA,NA,NA,NA,NA,NA,NA,NA,NA,NA,NA,NA,NA,NA,NA,NA,NA,NA,NA,NA,NA,NA
"40","cat1","ITGA1","ITGA1",3424.6,2958.4,982.11,15955,123.44,2282.7,7581.4,1054.9,9368.1,1354.6,713.69,0,0,0,0,0,0,0,0,0,0,0,0,0,0,0,0,0,0,0,0,0,0
"41","cat1","ITGA2","ITGA2",2964,1147.9,1804,5815.4,10019,4585.5,8485.7,8925,34332,25102,28636,154.42,0,0,0,1707.7,0,0,0,0,0,0,0,0,0,0,0,0,0,0,0,0,161.09
"42","cat1","ITGA3","ITGA3",30233,31696,39309,36035,85009,29457,58158,53512,108710,22469,35654,12516,2282.1,1514.4,1621.1,19207,7061.7,1306.8,5973.7,4861.3,1316.4,5431.8,0,0,0,0,0,0,0,0,0,0,1417.3
"43","cat1","ITGA4","ITGA4",6181.1,6969,5669.9,5828.8,1685.6,5022.4,4461.6,8531.5,41545,2416.6,6671.7,0,237.11,0,0,0,0,0,0,473.98,0,0,0,0,0,0,0,0,0,0,0,0,0
"44","cat1","ITGA5","ITGA5",7115.6,6155,10950,23836,4104.4,3157.7,15683,34011,78899,5693.3,5180.5,937.38,5820.4,661.43,2779.5,1220.2,1539,1359.4,1952.8,2128.3,1060.5,825.38,0,0,0,0,0,981.51,0,0,0,0,0
"45","cat1","ITGA6","ITGA6",2540.5,1619.5,3882.1,5607.5,1004.8,1496.8,23595,6298.7,14701,2500.8,5100.5,609.41,276.61,157.36,0,208.35,363.66,1123.2,0,240.22,254.11,157.86,0,0,0,0,0,0,0,0,0,0,0
"46","cat1","ITGA7","ITGA7",176.5,263.18,0,0,0,498.79,0,0,0,0,0,0,0,0,0,0,0,0,0,0,0,0,0,0,0,0,0,0,0,0,0,0,0
"47","cat1","ITGA8","ITGA8",NA,NA,NA,NA,NA,NA,NA,NA,NA,NA,NA,NA,NA,NA,NA,NA,NA,NA,NA,NA,NA,NA,NA,NA,NA,NA,NA,NA,NA,NA,NA,NA,NA
"48","cat1","ITGA9","ITGA9",267.71,0,0,0,4942.1,0,0,0,0,0,0,0,0,0,0,0,0,0,0,0,0,0,0,0,0,0,0,0,0,0,0,0,0
"49","cat1","ITGA10","ITGA10",NA,NA,NA,NA,NA,NA,NA,NA,NA,NA,NA,NA,NA,NA,NA,NA,NA,NA,NA,NA,NA,NA,NA,NA,NA,NA,NA,NA,NA,NA,NA,NA,NA
"50","cat1","ITGA11","ITGA11",NA,NA,NA,NA,NA,NA,NA,NA,NA,NA,NA,NA,NA,NA,NA,NA,NA,NA,NA,NA,NA,NA,NA,NA,NA,NA,NA,NA,NA,NA,NA,NA,NA
"51","cat1","ITGB1","ITGB1",82243,61347,77140,113270,108590,51733,134480,163570,361370,52186,90820,20253,24680,8321.8,14112,23540,17849,19407,12691,16967,9818.9,18322,0,0,0,0,0,0,0,0,0,0,0
"52","cat1","ITGB2","ITGB2",69991,47419,84678,226400,41030,41518,146140,398690,706810,77026,164330,21185,52473,12827,34132,7508.6,19343,18215,14639,28117,19349,17443,0,0,0,0,0,0,0,0,0,0,0
"53","cat1","ITGB3","ITGB3",20017,7841,33135,57851,33317,38272,27989,9292.2,27255,6853.2,41928,2414.4,205.61,1607.7,2307.7,758.09,0,0,0,0,0,2598.1,0,0,0,0,0,0,0,0,0,0,0
"54","cat1","ITGB4","ITGB4",410.02,0,286.7,58.634,1412,1059.9,6789.2,1912.7,1947,155.62,0,476.55,0,0,0,0,0,1505.3,0,0,0,0,0,0,0,0,0,0,0,0,0,0,0
"55","cat1","ITGB5","ITGB5",28253,19970,21515,25300,12502,30310,7757.9,23948,23920,4139.4,12910,3031.8,7010.2,1790,2822.6,2781.3,603.28,0,0,0,0,3581.4,0,0,0,0,0,0,0,0,0,0,0
"56","cat1","ITGB6","ITGB6",0,384.84,0,2789.5,6393.1,1330.3,6667.2,7584.7,53339,5963.9,9809.1,5348.1,0,0,0,0,0,602.24,0,0,0,2480.9,0,0,0,0,0,0,0,0,0,0,0
"57","cat1","ITGB7","ITGB7",0,0,0,1240.9,0,0,1028.2,590.6,17451,0,1301.9,0,0,0,0,0,0,0,0,0,0,0,0,0,0,0,0,0,0,0,0,0,0
"58","cat1","ITGB8","ITGB8",3739.7,4277.6,4457.3,2946.8,18346,2113.5,9445,12434,43870,2064.4,1886.1,1908.5,1565,741.4,0,4246.5,1486.4,950.21,1479.2,2682.7,609.04,90.963,0,0,0,0,0,0,0,0,0,0,64.446
"59","cat1","TFR2","TFR2",0,0,0,0,813.72,0,0,0,0,0,0,0,0,0,0,0,0,0,0,0,0,0,0,0,0,0,0,0,0,0,0,0,0
"60","cat1","LAMP1/2","LAMP1/2",NA,NA,NA,NA,NA,NA,NA,NA,NA,NA,NA,NA,NA,NA,NA,NA,NA,NA,NA,NA,NA,NA,NA,NA,NA,NA,NA,NA,NA,NA,NA,NA,NA
"61","cat1","SDC1","SDC1",0,0,0,0,0,0,0,0,0,0,0,0,6308.5,0,0,0,0,0,0,3618.9,13551,0,0,0,0,0,0,0,0,3892.9,0,2980.9,0
"62","cat1","SDC2","SDC2",3815.6,13129,0,0,0,6943,721.79,815.77,951.51,445.8,602.95,0,0,0,0,0,0,0,0,0,0,0,0,0,0,0,0,0,0,0,0,0,0
"63","cat1","SDC3","SDC3",NA,NA,NA,NA,NA,NA,NA,NA,NA,NA,NA,NA,NA,NA,NA,NA,NA,NA,NA,NA,NA,NA,NA,NA,NA,NA,NA,NA,NA,NA,NA,NA,NA
"64","cat1","SDC4","SDC4",0,10669,0,3176.4,6102.6,0,5029.9,21049,57034,1205.1,4451.8,0,0,0,0,14121,0,0,5236.7,10749,0,0,0,0,0,0,0,0,0,0,0,0,0
"65","cat1","BSG","BSG",281020,306490,667120,286080,379330,374240,317390,331040,472560,115690,180390,71246,72083,89340,71358,76716,127220,198480,39360,24131,51189,49381,0,0,0,0,0,0,0,0,0,0,0
"66","cat1","ADAM10","ADAM10",37129,44465,43625,24228,52047,66142,31404,43603,73831,8856.9,16731,3427.9,4124.6,2566.5,5407.7,1519.9,3998.1,5462,3771.8,2467.7,1303.1,3954.2,0,0,0,0,382.93,0,0,0,0,0,225.96
"67","cat1","NT5E","NT5E",33980,15333,131950,124000,49779,29242,134800,28272,118430,37399,59228,11965,7198.6,14878,76446,8908.9,26614,12402,0,7273.7,8393.5,15193,0,0,0,0,0,0,0,0,0,0,0
"68","cat1","CD55","CD55",0,1965.9,10198,114750,6726,336.19,420470,119440,84280,8255.7,70980,1889.1,5514.9,0,55304,4385.4,0,20807,3858,0,0,6336.2,0,0,0,0,0,1966.7,0,0,0,0,0
"69","cat1","CD59","CD59",363650,703020,96689,750290,620320,549430,1140200,632760,886750,370920,745330,216160,231220,149550,426360,179070,157590,98316,87406,61196,136490,199810,0,0,0,0,0,0,0,0,0,0,0
"70","cat1","SHH","SHH",NA,NA,NA,NA,NA,NA,NA,NA,NA,NA,NA,NA,NA,NA,NA,NA,NA,NA,NA,NA,NA,NA,NA,NA,NA,NA,NA,NA,NA,NA,NA,NA,NA
"71","cat1","TSPAN8","TSPAN8",NA,NA,NA,NA,NA,NA,NA,NA,NA,NA,NA,NA,NA,NA,NA,NA,NA,NA,NA,NA,NA,NA,NA,NA,NA,NA,NA,NA,NA,NA,NA,NA,NA
"72","cat1","CD37","CD37",0,3811.7,0,17026,6148.1,5078.2,16299,3587.5,63684,3933.7,16642,1716.5,0,0,0,0,1733.3,0,0,1488.5,0,1937.2,0,0,0,0,0,0,0,0,0,0,0
"73","cat1","CD53","CD53",NA,NA,NA,NA,NA,NA,NA,NA,NA,NA,NA,NA,NA,NA,NA,NA,NA,NA,NA,NA,NA,NA,NA,NA,NA,NA,NA,NA,NA,NA,NA,NA,NA
"74","cat1","PECAM1","PECAM1",112.9,8409.2,12487,24022,4262.3,655.31,11983,30121,80379,5974.9,19709,2018.8,5010.2,715.96,816.92,438.2,2696.7,2775.5,1294.5,3308,1857.5,2900,0,0,0,0,0,0,0,0,0,0,0
"75","cat1","ERBB2","ERBB2",0,1952.6,3847.9,5578.6,2657.5,2468.4,4197.6,2068.5,8681,966.57,4826.1,339.91,210.85,336.59,527.59,398.22,872.65,3062.9,0,0,471.34,1075.1,0,0,0,0,0,0,0,0,0,0,0
"76","cat1","EPCAM","EPCAM",50282,133380,8786.1,8437,115020,196030,154790,506730,357260,49010,180470,40557,54641,0,0,47401,0,14351,94675,7724.6,20760,43322,0,0,0,0,0,4445.5,0,0,0,0,0
"77","cat1","THY1","THY1",336830,682900,773330,918060,286730,357670,378520,235180,555360,260690,405620,156330,335940,192310,443190,60757,340370,50630,23395,32824,86153,129720,0,0,0,0,0,0,0,0,0,0,0
"78","cat1","PTPRC","PTPRC",89875,154430,119340,187190,50040,86264,150260,217800,862690,81067,179400,20694,29988,8245.2,26543,6388.3,19081,17942,7969.4,31247,10509,22457,0,0,0,356.97,0,0,0,0,0,0,0
"79","cat1","GP9","GP9",NA,NA,NA,NA,NA,NA,NA,NA,NA,NA,NA,NA,NA,NA,NA,NA,NA,NA,NA,NA,NA,NA,NA,NA,NA,NA,NA,NA,NA,NA,NA,NA,NA
"80","cat1","GYPA","GYPA",152820,269010,714860,805700,241590,679620,268250,40646,1056,108330,579350,38078,68755,113530,244430,24325,143200,121410,3370.1,0,94604,401240,0,0,0,0,0,0,0,0,0,0,0
"81","cat1","CD14","CD14",303770,191130,279480,342180,212540,118860,162080,546690,712040,209560,182990,102590,101700,72505,114830,50942,116650,34353,105830,65194,83188,87823,13084,5222.7,9871.2,27242,17497,5551.8,8905.3,20898,38426,6384.1,20453
"82","cat1","HLA-DR/DP/DQ","HLA-DR/DP/DQ",NA,NA,NA,NA,NA,NA,NA,NA,NA,NA,NA,NA,NA,NA,NA,NA,NA,NA,NA,NA,NA,NA,NA,NA,NA,NA,NA,NA,NA,NA,NA,NA,NA
"83","cat1","H2-A","H2-A",NA,NA,NA,NA,NA,NA,NA,NA,NA,NA,NA,NA,NA,NA,NA,NA,NA,NA,NA,NA,NA,NA,NA,NA,NA,NA,NA,NA,NA,NA,NA,NA,NA
"84","cat1","CD3E","CD3E",12899,0,32897,36262,2886.3,16576,17780,10390,113110,9059.1,41043,0,0,0,5018.4,0,0,0,0,3550.8,0,0,0,0,0,0,0,0,0,0,0,0,0
"85","cat1","CD3D","CD3D",0,8284.5,1844.2,18110,0,14890,12362,3893.4,64249,8804.6,21613,0,0,0,0,0,0,0,0,0,0,0,0,0,0,0,0,0,0,0,0,0,0
"86","cat1","CD3G","CD3G",0,0,1674.3,15859,0,8701.6,6495,3831.8,36435,887.65,14319,0,0,0,0,0,0,0,0,0,0,0,0,0,0,0,0,0,0,0,0,0,0
"87","cat1","CD3Z","CD247",4145.9,25359,31083,28044,5409.7,41302,10864,984.5,104910,5074.9,32004,0,0,0,0,0,0,0,0,0,0,0,0,0,0,0,0,0,0,0,0,0,0
"88","cat1","AChE-E","AChE-E",NA,NA,NA,NA,NA,NA,NA,NA,NA,NA,NA,NA,NA,NA,NA,NA,NA,NA,NA,NA,NA,NA,NA,NA,NA,NA,NA,NA,NA,NA,NA,NA,NA
"89","cat1","APP","APP",1713.8,0,0,74.051,1262.4,429.98,0,885.89,0,0,6145.3,148.54,0,0,0,0,0,0,0,0,0,1353.2,0,0,0,0,0,0,0,0,0,0,0
"90","cat1","ABCC1","ABCC1",3463.1,7136.7,8923.2,13984,3155.6,4228.9,8942.9,20476,25591,2775.1,2656.9,289.6,221.88,289.99,465.82,0,625.46,1558.8,0,0,0,158.12,0,0,0,0,0,0,0,0,0,0,0
"91","cat2","TSG101","TSG101",14141,11270,10722,35814,6095.3,12663,34717,52108,45645,8867,15625,688.97,0,0,20644,2421.5,2571.7,3470.1,12427,3883.3,813.29,1661.3,0,0,0,0,0,0,0,0,0,0,0
"92","cat2","CHMP1A","CHMP1A",0,0,2256.9,5036.7,0,0,2269.3,11000,7338.9,0,2543.2,0,0,0,6253.9,0,0,0,5996.8,0,0,0,0,0,0,0,0,0,0,0,0,0,0
"93","cat2","CHMP1B","CHMP1B",0,0,5264,0,0,0,421.24,3198.2,0,0,0,0,0,0,0,0,0,0,0,0,0,0,0,0,0,0,0,0,0,0,0,0,0
"94","cat2","CHMP2A","CHMP2A",8330.1,0,0,5749.1,0,0,5712,20346,11441,1522.8,1578,0,0,0,1769.2,0,0,1776.8,11510,0,0,0,0,0,0,0,0,0,0,0,0,0,0
"95","cat2","CHMP2B","CHMP2B",NA,NA,NA,NA,NA,NA,NA,NA,NA,NA,NA,NA,NA,NA,NA,NA,NA,NA,NA,NA,NA,NA,NA,NA,NA,NA,NA,NA,NA,NA,NA,NA,NA
"96","cat2","CHMP3","CHMP3",0,0,3060.7,6812.1,0,0,5560.2,19870,12401,1275.4,2190.3,2137.3,0,0,4664.7,0,0,4749.7,3922.8,1712.3,0,935.2,0,0,0,0,0,0,0,0,0,0,0
"97","cat2","CHMP4A","CHMP4A",0,0,0,17466,0,0,26322,6651.8,30039,83.663,13889,764.2,0,0,1788.3,0,0,2167.3,0,0,0,0,0,0,0,0,0,0,0,0,0,0,0
"98","cat2","CHMP4B","CHMP4B",0,0,7952.4,18016,27597,3061.6,64335,122820,56681,9480.4,25122,2158.1,0,0,12294,2249.2,3650.7,11464,24687,0,1661.9,970.34,0,0,0,0,0,0,0,0,0,0,0
"99","cat2","CHMP4C","CHMP4C",0,0,0,0,0,0,0,0,0,0,0,0,0,0,0,0,0,0,0,0,0,0,0,0,0,0,0,0,0,0,0,0,0
"100","cat2","CHMP5","CHMP5",0,0,0,37484,0,0,37926,88994,18676,10996,10982,0,0,0,4853.6,0,0,0,6005.2,0,0,0,0,0,0,0,0,0,0,0,0,0,0
"101","cat2","CHMP6","CHMP6",0,0,0,34438,0,0,13013,46343,42820,7923,13782,2984.1,7512.5,4325.2,12350,0,2174,16164,9193.2,2661.6,10275,1638.1,0,0,0,0,0,0,0,0,0,0,0
"102","cat2","PDCD6IP","PDCD6IP",34221,17618,35927,83755,42032,18689,57006,82604,93809,21014,35786,8614,14141,10145,50809,22479,15901,26481,20265,6214,10716,9593,0,0,0,515.24,0,317.98,0,0,0,0,0
"103","cat2","FLOT1","FLOT1",82647,73921,153550,180150,89433,129590,96456,104850,70281,43180,151810,38296,27105,25365,64406,25996,45156,13830,23828,3393.1,14595,68266,0,0,0,0,0,0,0,0,0,0,0
"104","cat2","FLOT2","FLOT2",28191,21960,64579,95552,25903,42743,44686,66239,32236,15223,118230,16278,17483,14737,34006,16449,21069,5856.7,10603,443.61,920.71,38539,0,0,0,0,0,0,0,0,0,0,0
"105","cat2","CAV1","CAV1",707320,222910,784610,1141200,389100,432950,186770,93205,54369,82733,19196,98821,64597,47856,214240,37312,110670,6583.7,5741.2,0,7394.7,331.86,0,0,0,0,0,0,0,0,0,0,1460.4
"106","cat2","CAV2","CAV2",200730,35349,139990,114930,55269,121250,20805,11750,4883.4,5340.2,0,9687.5,6164.5,9202.8,21578,4235.2,10472,0,0,0,0,0,0,0,0,0,0,0,0,0,0,0,0
"107","cat2","CAV3","CAV3",NA,NA,NA,NA,NA,NA,NA,NA,NA,NA,NA,NA,NA,NA,NA,NA,NA,NA,NA,NA,NA,NA,NA,NA,NA,NA,NA,NA,NA,NA,NA,NA,NA
"108","cat2","EHD1","EHD1",44642,63992,101180,116580,78458,43411,97695,110520,354920,31727,63924,17085,14330,21711,35130,15322,26690,37647,16177,18324,9471.9,20870,0,0,0,0,0,0,0,0,0,0,316.97
"109","cat2","EHD2","EHD2",40390,49132,62315,65368,22407,66528,25057,33653,76167,6394.4,3897.1,9040.2,8246.6,10665,30674,0,15117,6174,9783.1,855.4,819.76,1631.5,0,0,0,502.55,0,0,0,0,0,0,456.05
"110","cat2","EHD3","EHD3",0,1066.1,0,2637.6,0,0,1261.3,4139.5,504.61,0,0,0,0,0,0,0,0,0,0,0,0,0,0,0,0,0,0,0,0,0,0,0,0
"111","cat2","EHD4","EHD4",8411.7,1570.7,28912,54385,9056.9,0,55315,92619,206400,26103,33642,9295.7,12706,24619,40471,11348,22059,13965,11967,8262.2,7554.2,7692.7,0,0,0,0,0,0,0,0,0,0,201.57
"112","cat2","RHOA","RHOA",151810,238040,429930,541060,237790,240620,406770,638620,1466800,169400,342160,68377,89077,97269,148980,56860,96172,45094,72650,85564,43034,92952,0,0,0,0,0,0,0,0,0,0,0
"113","cat2","ANXA1","ANXA1",1947700,970690,2379300,2611900,2486900,1382200,1364600,1138300,2471600,433980,417760,768950,530540,585530,928310,1111900,907170,661390,249760,278480,215640,128510,1098.6,0,7099,4914.1,1499.4,7081.8,351.73,0,782.4,0,0
"114","cat2","ANXA2","ANXA2",3968400,5055400,7183900,6832800,6045100,5024600,3548100,3880300,4908700,1608400,1771300,2175700,1946500,2504900,2893400,2085300,3109400,1176100,1036700,615290,736190,591880,8109,2216.6,20815,19455,7659.8,34261,731.27,5159,2337.4,0,509.9
"115","cat2","ANXA3","ANXA3",183490,65741,220110,208920,608450,76150,242400,179840,164930,23396,188550,72465,40834,85821,52363,194580,90322,34428,27532,21542,8894.6,54520,0,0,0,220.96,0,0,0,0,0,0,0
"116","cat2","ANXA4","ANXA4",547300,282510,651560,666200,432240,204850,557660,738470,468610,133330,228820,220960,184660,174260,190470,304420,222240,124050,150140,44690,19289,49481,0,0,0,2065.8,0,0,0,0,0,0,0
"117","cat2","ANXA5","ANXA5",1628400,514800,1646500,3064000,977360,1136800,1435000,841860,1376200,607170,1164000,553560,437170,466360,734900,535170,746680,180080,156330,63574,170430,296160,0,0,2243.6,2317.8,0,2572.4,0,0,0,0,0
"118","cat2","ANXA6","ANXA6",480350,406620,817360,1120100,306440,590710,476410,319830,384950,246780,286500,170190,140200,210820,301420,75284,315840,91757,36511,23835,85392,78543,0,0,0,365.28,0,569.53,0,956.79,0,0,252.12
"119","cat2","ANXA7","ANXA7",116900,85100,92196,167580,104660,125070,101510,125580,51420,35883,134940,43949,25986,22838,33654,33153,35454,28544,14056,2559.9,11713,22991,0,0,0,0,0,0,0,0,0,0,0
"120","cat2","ANXA8","ANXA8",0,0,15823,20910,0,0,16035,0,4559.7,4909.1,0,911.99,0,538.82,1288,850.24,6869.9,1971.3,0,0,0,0,0,0,0,0,0,0,0,0,0,0,0
"121","cat2","ANXA9","ANXA9",0,0,0,0,635.26,0,0,16131,10134,0,0,0,0,0,0,0,0,0,0,0,0,0,0,0,0,0,0,0,0,0,0,0,0
"122","cat2","ANXA11","ANXA11",600220,306320,417180,363600,441580,304740,192900,559250,231090,109790,120030,138270,102420,63075,76436,140450,72698,65272,87681,17897,31564,30397,0,0,0,0,382.41,0,0,0,0,0,0
"123","cat2","ANXA13","ANXA13",22953,22606,13950,35422,31483,24733,9404.3,7958,25049,2944.3,2790.9,0,0,0,797.93,963.97,0,0,0,0,0,0,0,0,0,0,0,0,0,0,0,0,0
"124","cat2","HSPA8","HSPA8",162470,123940,220810,291510,311500,162000,254550,454440,359170,110130,163800,58221,70610,52211,98170,160280,92183,92381,167150,41205,45335,45356,9667.3,997.47,25311,4845,22219,16776,1103.6,42237,5724.3,0,1588.8
"125","cat2","HSP90AB1","HSP90AB1",28259,44411,69678,129200,174110,45069,143650,328700,277160,72248,101400,23270,20057,29687,29046,115400,44471,47761,97486,19461,22634,27830,923.18,689.64,8145.5,1323.9,12716,1708.3,504.82,26269,1435.5,345.87,1077.2
"126","cat2","ARF6","ARF6",104420,32289,91732,162040,43305,28529,102000,112320,326960,25305,103710,40585,24463,23816,43660,38777,30375,31933,17999,21109,17568,28978,0,0,0,0,0,0,0,0,0,0,0
"127","cat2","SDCBP","SDCBP",162190,29155,95473,416520,51970,10597,397710,591250,327810,150440,192050,55042,98335,20084,293900,78327,53932,23471,219210,32408,105020,74563,0,0,0,0,0,1383.8,0,0,0,0,0
"128","cat2","MAPT","MAPT",NA,NA,NA,NA,NA,NA,NA,NA,NA,NA,NA,NA,NA,NA,NA,NA,NA,NA,NA,NA,NA,NA,NA,NA,NA,NA,NA,NA,NA,NA,NA,NA,NA
"129","cat2","HSPA1A","HSPA1A",61977,59390,138760,235300,161390,70435,201080,575890,304950,62222,183570,55643,34445,47486,75644,106070,73326,69759,207050,32376,16045,62950,1200.4,0,12124,439.98,7000.2,6981.5,0,41543,4051.3,0,1664.1
"130","cat2","ACTB","ACTB",183170,10882,520980,885460,54769,17785,396530,453180,569370,220810,286970,189600,208460,275730,323930,141260,338350,183820,144640,129140,103060,187380,6030.2,2742.9,30044,4043.4,1790,10360,3287.4,13219,4534,0,0
"131","cat2","ACTA1","ACTA1",0,0,0,0,0,0,0,0,0,0,0,0,0,0,0,0,0,0,0,0,0,0,0,0,0,0,0,0,0,0,0,0,0
"132","cat2","ACTA2","ACTA2",0,0,0,1833.1,0,2525.1,751.01,676.43,0,0,1166.9,0,0,0,0,0,0,0,0,0,0,0,0,0,0,0,0,0,0,0,0,0,0
"133","cat2","ACTG1","ACTG1",2656000,4795500,8185700,7491100,3702500,3907000,5279800,5044300,8418500,2560600,4819200,1842300,2097400,2310800,3428400,1815100,2952500,2987200,1867900,1216700,1390400,1600700,217810,84653,413290,158900,188280,155810,72963,593500,151730,22885,42675
"134","cat2","ACTG2","ACTG2",NA,NA,NA,NA,NA,NA,NA,NA,NA,NA,NA,NA,NA,NA,NA,NA,NA,NA,NA,NA,NA,NA,NA,NA,NA,NA,NA,NA,NA,NA,NA,NA,NA
"135","cat2","ACTC1","ACTC1",717470,903600,1325900,1264900,1029600,616920,1053000,948020,1368000,572200,1010800,301070,464710,319740,657480,392000,733210,436140,398240,222760,232830,334040,35842,16168,89881,44561,52178,20901,7744.3,69770,38877,3968.6,19200
"136","cat2","TUBA1A","TUBA1A",4885.8,5972.2,17073,22026,0,0,12242,35089,13784,5089.7,21755,5529.3,7614.7,6660.8,13082,7390.6,9776.6,4311.5,13229,3722.7,4013.4,12605,1493.7,0,2286.7,0,0,2454.9,0,2008.1,0,0,0
"137","cat2","TUBA1B","TUBA1B",205360,150580,415990,484580,513450,199280,326440,998710,608280,178370,359400,235290,163540,457030,239420,489100,396760,190450,287000,110400,111070,171750,42028,8363.7,67194,9587.9,11838,108650,8201.2,73327,4292.7,0,4302.9
"138","cat2","TUBA1C","TUBA1C",0,0,0,7755.3,0,0,996.95,23632,7528.4,0,0,0,0,0,0,0,0,0,2650.3,0,0,0,0,0,0,0,0,0,0,0,0,0,0
"139","cat2","TUBA3C","TUBA3C",NA,NA,NA,NA,NA,NA,NA,NA,NA,NA,NA,NA,NA,NA,NA,NA,NA,NA,NA,NA,NA,NA,NA,NA,NA,NA,NA,NA,NA,NA,NA,NA,NA
"140","cat2","TUBA3D","TUBA3D",NA,NA,NA,NA,NA,NA,NA,NA,NA,NA,NA,NA,NA,NA,NA,NA,NA,NA,NA,NA,NA,NA,NA,NA,NA,NA,NA,NA,NA,NA,NA,NA,NA
"141","cat2","TUBA3E","TUBA3E",NA,NA,NA,NA,NA,NA,NA,NA,NA,NA,NA,NA,NA,NA,NA,NA,NA,NA,NA,NA,NA,NA,NA,NA,NA,NA,NA,NA,NA,NA,NA,NA,NA
"142","cat2","TUBA4A","TUBA4A",0,0,0,11240,0,0,1255.7,17419,13911,0,693.28,1743.7,0,3966.8,2858.9,6343,4340.9,1397.5,8764.6,0,0,0,0,0,0,0,0,0,0,0,0,0,0
"143","cat2","TUBA8","TUBA8",NA,NA,NA,NA,NA,NA,NA,NA,NA,NA,NA,NA,NA,NA,NA,NA,NA,NA,NA,NA,NA,NA,NA,NA,NA,NA,NA,NA,NA,NA,NA,NA,NA
"144","cat2","TUBB","TUBB",86678,19260,175970,199700,71144,17669,87621,277950,156140,42232,90542,82301,28988,213650,81525,130120,141520,50432,105400,34134,41604,51663,8432.8,4121.8,18402,3206.6,2899.6,28138,1135.7,17846,1319,0,1523.8
"145","cat2","TUBB1","TUBB1",0,0,0,0,0,0,0,0,0,0,0,0,0,0,0,0,0,0,0,0,0,0,0,0,0,0,0,0,0,0,0,0,0
"146","cat2","TUBB2A","TUBB2A",0,0,0,0,0,307.57,0,0,0,0,0,0,0,0,0,0,0,0,1770.1,0,0,0,0,0,0,0,0,0,0,0,0,0,0
"147","cat2","TUBB2B","TUBB2B",0,0,290.94,6110.1,0,0,916.61,4238.5,1234.7,3941.1,7790,339.92,0,6379.9,4063.5,7662.1,0,0,0,0,0,7167.8,0,0,689.99,0,0,0,0,0,0,0,0
"148","cat2","TUBB3","TUBB3",0,3509.6,4876.6,1114.8,18811,0,415.82,8303.8,3959,64.121,3329.6,0,529.15,735.25,0,6488.2,583.61,0,4966.1,0,0,1744.7,0,0,0,0,0,0,0,0,0,0,0
"149","cat2","TUBB4A","TUBB4A",3353.3,0,6082.4,3121,24592,0,962.35,3661.4,2498.4,0,0,0,0,4720.6,0,2260.4,5746.8,0,0,0,0,0,0,0,0,0,0,0,0,0,0,0,0
"150","cat2","TUBB4B","TUBB4B",276820,171150,464460,574980,742910,315470,273730,853010,663640,145200,221000,213480,119940,304430,269130,377250,402130,113050,351870,91948,72290,141840,27839,8515.1,34195,7322.4,14397,65322,0,72493,950.84,0,3239.7
"151","cat2","TUBB6","TUBB6",2587.7,6642.5,12255,17585,38352,3173.8,6689.4,15045,17180,1586.1,0,4522.6,0,47088,2317.9,12911,19890,0,8962.5,0,0,0,0,0,2017.5,0,0,590.22,0,0,0,0,0
"152","cat2","TUBB8","TUBB8",10868,4553.4,24252,30473,31803,10789,14218,58519,35230,7393.8,13642,8732.2,7324.1,12470,13756,9099.2,10139,3913,16481,4203.7,3805.6,5211.6,1552.6,0,1053.7,0,0,1156.5,0,2131.1,0,0,0
"153","cat2","TUBB8B","TUBB8B",NA,NA,NA,NA,NA,NA,NA,NA,NA,NA,NA,NA,NA,NA,NA,NA,NA,NA,NA,NA,NA,NA,NA,NA,NA,NA,NA,NA,NA,NA,NA,NA,NA
"154","cat2","TUBG1","TUBG1",2021.7,0,814.08,0,22494,3854.4,0,0,0,0,0,0,0,0,0,0,0,0,0,0,0,0,0,0,0,0,0,0,0,0,0,0,0
"155","cat2","TUBD1","TUBD1",NA,NA,NA,NA,NA,NA,NA,NA,NA,NA,NA,NA,NA,NA,NA,NA,NA,NA,NA,NA,NA,NA,NA,NA,NA,NA,NA,NA,NA,NA,NA,NA,NA
"156","cat2","GAPDH","GAPDH",1587200,1456500,1566500,1451400,3467800,959280,1301700,4949300,4296500,839480,1447200,676790,400660,855130,632080,507660,865480,279780,1774600,421730,252390,312240,181130,35698,79304,54521,113610,152810,25619,559450,115180,11627,38401
"157","cat3","APOA1","APOA1",531360,1577700,1281400,1236900,565240,778630,1614200,2032200,766880,3113900,1737900,1111500,1809000,2550800,3711800,790770,3807200,1098900,2220300,971250,1840900,3503600,3654800,3887500,4020400,5841300,4589800,2555300,5030400,4504200,1921600,6494300,3519900
"158","cat3","APOA2","APOA2",823310,178490,1404200,735690,62388,29256,1317000,1971000,311520,8261700,1010000,2251200,3233800,3598200,4928200,949360,4122800,788350,3312000,3573500,3269000,3262200,5474900,6426300,4508400,7093000,2786500,2237600,4771600,3135500,5889000,4744200,3393400
"159","cat3","APOB","APOB",97193,86568,275350,21698,28652,42616,74852,97157,71441,80880,95403,2262900,2151500,1115300,3647600,634150,939160,1620400,2783600,3051900,2014000,3062500,924310,679920,529520,597950,379420,821960,1183500,1027000,994390,633780,381380
"160","cat3","APOB100","APOB100",NA,NA,NA,NA,NA,NA,NA,NA,NA,NA,NA,NA,NA,NA,NA,NA,NA,NA,NA,NA,NA,NA,NA,NA,NA,NA,NA,NA,NA,NA,NA,NA,NA
"161","cat3","ALB","ALB",NA,NA,NA,NA,NA,NA,NA,NA,NA,NA,NA,NA,NA,NA,NA,NA,NA,NA,NA,NA,NA,NA,NA,NA,NA,NA,NA,NA,NA,NA,NA,NA,NA
"162","cat3","UMOD","UMOD",NA,NA,NA,NA,NA,NA,NA,NA,NA,NA,NA,NA,NA,NA,NA,NA,NA,NA,NA,NA,NA,NA,NA,NA,NA,NA,NA,NA,NA,NA,NA,NA,NA
"163","cat4","H1-0","H1-0",0,0,0,0,18029,4216.1,0,0,0,0,0,0,0,0,0,0,0,0,0,0,0,0,0,0,0,0,0,0,0,0,0,0,0
"164","cat4","H1-1","H1-1",NA,NA,NA,NA,NA,NA,NA,NA,NA,NA,NA,NA,NA,NA,NA,NA,NA,NA,NA,NA,NA,NA,NA,NA,NA,NA,NA,NA,NA,NA,NA,NA,NA
"165","cat4","H1-2","H1-2",NA,NA,NA,NA,NA,NA,NA,NA,NA,NA,NA,NA,NA,NA,NA,NA,NA,NA,NA,NA,NA,NA,NA,NA,NA,NA,NA,NA,NA,NA,NA,NA,NA
"166","cat4","H1-3","H1-3",NA,NA,NA,NA,NA,NA,NA,NA,NA,NA,NA,NA,NA,NA,NA,NA,NA,NA,NA,NA,NA,NA,NA,NA,NA,NA,NA,NA,NA,NA,NA,NA,NA
"167","cat4","H1-4","H1-4",0,0,0,0,2903.7,8302.4,0,0,0,0,0,0,0,0,0,0,0,0,0,1784.2,0,0,0,0,0,0,0,0,0,0,0,0,0
"168","cat4","H1-5","H1-5",0,0,0,0,0,1977.8,0,0,0,0,0,0,0,0,0,0,0,1384.5,0,0,0,0,0,0,0,0,0,0,0,0,0,0,0
"169","cat4","H1-6","H1-6",NA,NA,NA,NA,NA,NA,NA,NA,NA,NA,NA,NA,NA,NA,NA,NA,NA,NA,NA,NA,NA,NA,NA,NA,NA,NA,NA,NA,NA,NA,NA,NA,NA
"170","cat4","H1-7","H1-7",NA,NA,NA,NA,NA,NA,NA,NA,NA,NA,NA,NA,NA,NA,NA,NA,NA,NA,NA,NA,NA,NA,NA,NA,NA,NA,NA,NA,NA,NA,NA,NA,NA
"171","cat4","H1-8","H1-8",NA,NA,NA,NA,NA,NA,NA,NA,NA,NA,NA,NA,NA,NA,NA,NA,NA,NA,NA,NA,NA,NA,NA,NA,NA,NA,NA,NA,NA,NA,NA,NA,NA
"172","cat4","H1-9P","H1-9P",NA,NA,NA,NA,NA,NA,NA,NA,NA,NA,NA,NA,NA,NA,NA,NA,NA,NA,NA,NA,NA,NA,NA,NA,NA,NA,NA,NA,NA,NA,NA,NA,NA
"173","cat4","H1-10","H1-10",0,0,0,0,0,915.37,0,0,0,0,0,0,0,0,0,0,0,0,0,0,0,1261.1,0,0,0,0,0,0,0,0,0,0,1014.5
"174","cat4","H1-12P","H1-12P",NA,NA,NA,NA,NA,NA,NA,NA,NA,NA,NA,NA,NA,NA,NA,NA,NA,NA,NA,NA,NA,NA,NA,NA,NA,NA,NA,NA,NA,NA,NA,NA,NA
"175","cat4","H2AB1","H2AB1",NA,NA,NA,NA,NA,NA,NA,NA,NA,NA,NA,NA,NA,NA,NA,NA,NA,NA,NA,NA,NA,NA,NA,NA,NA,NA,NA,NA,NA,NA,NA,NA,NA
"176","cat4","H2AB2","H2AB2",NA,NA,NA,NA,NA,NA,NA,NA,NA,NA,NA,NA,NA,NA,NA,NA,NA,NA,NA,NA,NA,NA,NA,NA,NA,NA,NA,NA,NA,NA,NA,NA,NA
"177","cat4","H2AB3","H2AB3",NA,NA,NA,NA,NA,NA,NA,NA,NA,NA,NA,NA,NA,NA,NA,NA,NA,NA,NA,NA,NA,NA,NA,NA,NA,NA,NA,NA,NA,NA,NA,NA,NA
"178","cat4","H2AC1","H2AC1",NA,NA,NA,NA,NA,NA,NA,NA,NA,NA,NA,NA,NA,NA,NA,NA,NA,NA,NA,NA,NA,NA,NA,NA,NA,NA,NA,NA,NA,NA,NA,NA,NA
"179","cat4","H2AC2P","H2AC2P",NA,NA,NA,NA,NA,NA,NA,NA,NA,NA,NA,NA,NA,NA,NA,NA,NA,NA,NA,NA,NA,NA,NA,NA,NA,NA,NA,NA,NA,NA,NA,NA,NA
"180","cat4","H2AC3P","H2AC3P",NA,NA,NA,NA,NA,NA,NA,NA,NA,NA,NA,NA,NA,NA,NA,NA,NA,NA,NA,NA,NA,NA,NA,NA,NA,NA,NA,NA,NA,NA,NA,NA,NA
"181","cat4","H2AC4","H2AC4",NA,NA,NA,NA,NA,NA,NA,NA,NA,NA,NA,NA,NA,NA,NA,NA,NA,NA,NA,NA,NA,NA,NA,NA,NA,NA,NA,NA,NA,NA,NA,NA,NA
"182","cat4","H2AC5P","H2AC5P",NA,NA,NA,NA,NA,NA,NA,NA,NA,NA,NA,NA,NA,NA,NA,NA,NA,NA,NA,NA,NA,NA,NA,NA,NA,NA,NA,NA,NA,NA,NA,NA,NA
"183","cat4","H2AC6","H2AC6",0,0,0,0,0,0,0,0,0,0,0,0,0,0,0,0,0,0,0,0,0,0,0,0,0,0,0,0,0,0,0,0,0
"184","cat4","H2AC7","H2AC7",NA,NA,NA,NA,NA,NA,NA,NA,NA,NA,NA,NA,NA,NA,NA,NA,NA,NA,NA,NA,NA,NA,NA,NA,NA,NA,NA,NA,NA,NA,NA,NA,NA
"185","cat4","H2AC8","H2AC8",NA,NA,NA,NA,NA,NA,NA,NA,NA,NA,NA,NA,NA,NA,NA,NA,NA,NA,NA,NA,NA,NA,NA,NA,NA,NA,NA,NA,NA,NA,NA,NA,NA
"186","cat4","H2AC9P","H2AC9P",NA,NA,NA,NA,NA,NA,NA,NA,NA,NA,NA,NA,NA,NA,NA,NA,NA,NA,NA,NA,NA,NA,NA,NA,NA,NA,NA,NA,NA,NA,NA,NA,NA
"187","cat4","H2AC10P","H2AC10P",NA,NA,NA,NA,NA,NA,NA,NA,NA,NA,NA,NA,NA,NA,NA,NA,NA,NA,NA,NA,NA,NA,NA,NA,NA,NA,NA,NA,NA,NA,NA,NA,NA
"188","cat4","H2AC11","H2AC11",1233600,199350,907230,1501200,671260,333170,1432400,1146800,453850,601170,159520,861100,467100,671540,1050000,228250,1103900,1825900,1794000,935090,835780,486420,5220.3,8801.7,41872,34850,35977,82028,107260,572600,100840,27932,6659.1
"189","cat4","H2AC12","H2AC12",NA,NA,NA,NA,NA,NA,NA,NA,NA,NA,NA,NA,NA,NA,NA,NA,NA,NA,NA,NA,NA,NA,NA,NA,NA,NA,NA,NA,NA,NA,NA,NA,NA
"190","cat4","H2AC13","H2AC13",NA,NA,NA,NA,NA,NA,NA,NA,NA,NA,NA,NA,NA,NA,NA,NA,NA,NA,NA,NA,NA,NA,NA,NA,NA,NA,NA,NA,NA,NA,NA,NA,NA
"191","cat4","H2AC14","H2AC14",NA,NA,NA,NA,NA,NA,NA,NA,NA,NA,NA,NA,NA,NA,NA,NA,NA,NA,NA,NA,NA,NA,NA,NA,NA,NA,NA,NA,NA,NA,NA,NA,NA
"192","cat4","H2AC15","H2AC15",NA,NA,NA,NA,NA,NA,NA,NA,NA,NA,NA,NA,NA,NA,NA,NA,NA,NA,NA,NA,NA,NA,NA,NA,NA,NA,NA,NA,NA,NA,NA,NA,NA
"193","cat4","H2AC16","H2AC16",NA,NA,NA,NA,NA,NA,NA,NA,NA,NA,NA,NA,NA,NA,NA,NA,NA,NA,NA,NA,NA,NA,NA,NA,NA,NA,NA,NA,NA,NA,NA,NA,NA
"194","cat4","H2AC17","H2AC17",NA,NA,NA,NA,NA,NA,NA,NA,NA,NA,NA,NA,NA,NA,NA,NA,NA,NA,NA,NA,NA,NA,NA,NA,NA,NA,NA,NA,NA,NA,NA,NA,NA
"195","cat4","H2AC18","H2AC18",0,2924.9,7894.7,16367,7307.7,4435.6,53416,8739.5,38259,2013.9,5195.8,4341.7,2326.1,1434.3,10976,5573.9,0,0,22776,0,5948.4,14397,2609.9,0,675.72,18423,6552.6,0,4019.1,23817,7110.8,2290.2,1329.8
"196","cat4","H2AC19","H2AC19",NA,NA,NA,NA,NA,NA,NA,NA,NA,NA,NA,NA,NA,NA,NA,NA,NA,NA,NA,NA,NA,NA,NA,NA,NA,NA,NA,NA,NA,NA,NA,NA,NA
"197","cat4","H2AC20","H2AC20",NA,NA,NA,NA,NA,NA,NA,NA,NA,NA,NA,NA,NA,NA,NA,NA,NA,NA,NA,NA,NA,NA,NA,NA,NA,NA,NA,NA,NA,NA,NA,NA,NA
"198","cat4","H2AC21","H2AC21",NA,NA,NA,NA,NA,NA,NA,NA,NA,NA,NA,NA,NA,NA,NA,NA,NA,NA,NA,NA,NA,NA,NA,NA,NA,NA,NA,NA,NA,NA,NA,NA,NA
"199","cat4","H2AJ","H2AJ",NA,NA,NA,NA,NA,NA,NA,NA,NA,NA,NA,NA,NA,NA,NA,NA,NA,NA,NA,NA,NA,NA,NA,NA,NA,NA,NA,NA,NA,NA,NA,NA,NA
"200","cat4","H2AL1MP","H2AL1MP",NA,NA,NA,NA,NA,NA,NA,NA,NA,NA,NA,NA,NA,NA,NA,NA,NA,NA,NA,NA,NA,NA,NA,NA,NA,NA,NA,NA,NA,NA,NA,NA,NA
"201","cat4","H2AL1Q","H2AL1Q",NA,NA,NA,NA,NA,NA,NA,NA,NA,NA,NA,NA,NA,NA,NA,NA,NA,NA,NA,NA,NA,NA,NA,NA,NA,NA,NA,NA,NA,NA,NA,NA,NA
"202","cat4","H2AL3","H2AL3",NA,NA,NA,NA,NA,NA,NA,NA,NA,NA,NA,NA,NA,NA,NA,NA,NA,NA,NA,NA,NA,NA,NA,NA,NA,NA,NA,NA,NA,NA,NA,NA,NA
"203","cat4","H2AP","H2AP",NA,NA,NA,NA,NA,NA,NA,NA,NA,NA,NA,NA,NA,NA,NA,NA,NA,NA,NA,NA,NA,NA,NA,NA,NA,NA,NA,NA,NA,NA,NA,NA,NA
"204","cat4","H2AQ1P","H2AQ1P",NA,NA,NA,NA,NA,NA,NA,NA,NA,NA,NA,NA,NA,NA,NA,NA,NA,NA,NA,NA,NA,NA,NA,NA,NA,NA,NA,NA,NA,NA,NA,NA,NA
"205","cat4","H2AW","H2AC25",NA,NA,NA,NA,NA,NA,NA,NA,NA,NA,NA,NA,NA,NA,NA,NA,NA,NA,NA,NA,NA,NA,NA,NA,NA,NA,NA,NA,NA,NA,NA,NA,NA
"206","cat4","H2AX","H2AX",74827,0,21154,35269,30519,9622.3,24062,26511,15807,7359.2,0,26028,5757,4691.7,25377,0,22180,7405.1,43555,21395,12253,13867,0,0,0,0,0,0,0,6675.1,718.97,0,0
"207","cat4","H2AZ1","H2AZ1",NA,NA,NA,NA,NA,NA,NA,NA,NA,NA,NA,NA,NA,NA,NA,NA,NA,NA,NA,NA,NA,NA,NA,NA,NA,NA,NA,NA,NA,NA,NA,NA,NA
"208","cat4","H2AZ2","H2AZ2",941.71,0,0,0,1349.4,0,1097.9,0,2607.3,0,0,0,0,0,1622.7,0,0,0,0,0,1252.8,3434.7,0,0,0,0,0,0,0,1389.5,0,0,0
"209","cat4","MACROH2A1","MACROH2A1",4538.4,1248.8,2721.2,11683,10568,3335.4,9477.4,8776.9,1405.3,1543.4,0,4580.4,0,2786.4,4821.3,1212.7,6301.2,7869.5,11130,5239.3,930.75,2515.1,0,0,0,0,0,0,0,0,0,0,0
"210","cat4","MACROH2A2","MACROH2A2",0,0,0,4832,3976.2,0,2761.6,1564.6,417.63,185.27,0,1397.2,0,732.39,1245.7,0,2887.1,7125.6,5328.7,3706.3,0,4068.5,0,0,0,0,0,0,0,0,0,0,0
"211","cat4","H2BC1","H2BC1",NA,NA,NA,NA,NA,NA,NA,NA,NA,NA,NA,NA,NA,NA,NA,NA,NA,NA,NA,NA,NA,NA,NA,NA,NA,NA,NA,NA,NA,NA,NA,NA,NA
"212","cat4","H2BC2P","H2BC2P",NA,NA,NA,NA,NA,NA,NA,NA,NA,NA,NA,NA,NA,NA,NA,NA,NA,NA,NA,NA,NA,NA,NA,NA,NA,NA,NA,NA,NA,NA,NA,NA,NA
"213","cat4","H2BC3","H2BC3",0,0,15662,22075,0,4792.6,22779,11937,0,5740.3,0,9036,0,10773,9894.7,4384.3,0,11177,21798,0,16335,13577,0,0,0,0,0,0,0,0,0,0,0
"214","cat4","H2BC4","H2BC4",NA,NA,NA,NA,NA,NA,NA,NA,NA,NA,NA,NA,NA,NA,NA,NA,NA,NA,NA,NA,NA,NA,NA,NA,NA,NA,NA,NA,NA,NA,NA,NA,NA
"215","cat4","H2BC5","H2BC5",NA,NA,NA,NA,NA,NA,NA,NA,NA,NA,NA,NA,NA,NA,NA,NA,NA,NA,NA,NA,NA,NA,NA,NA,NA,NA,NA,NA,NA,NA,NA,NA,NA
"216","cat4","H2BC6","H2BC6",NA,NA,NA,NA,NA,NA,NA,NA,NA,NA,NA,NA,NA,NA,NA,NA,NA,NA,NA,NA,NA,NA,NA,NA,NA,NA,NA,NA,NA,NA,NA,NA,NA
"217","cat4","H2BC7","H2BC7",NA,NA,NA,NA,NA,NA,NA,NA,NA,NA,NA,NA,NA,NA,NA,NA,NA,NA,NA,NA,NA,NA,NA,NA,NA,NA,NA,NA,NA,NA,NA,NA,NA
"218","cat4","H2BC8","H2BC8",NA,NA,NA,NA,NA,NA,NA,NA,NA,NA,NA,NA,NA,NA,NA,NA,NA,NA,NA,NA,NA,NA,NA,NA,NA,NA,NA,NA,NA,NA,NA,NA,NA
"219","cat4","H2BC9","H2BC9",438410,3098.3,275630,880480,73914,34866,843190,584360,237260,270860,71549,348850,183700,256150,395980,159300,478860,817780,752820,359720,385520,256120,0,0,0,0,0,14314,29954,246120,22072,0,31535
"220","cat4","H2BC10","H2BC10",NA,NA,NA,NA,NA,NA,NA,NA,NA,NA,NA,NA,NA,NA,NA,NA,NA,NA,NA,NA,NA,NA,NA,NA,NA,NA,NA,NA,NA,NA,NA,NA,NA
"221","cat4","H2BC11","H2BC11",NA,NA,NA,NA,NA,NA,NA,NA,NA,NA,NA,NA,NA,NA,NA,NA,NA,NA,NA,NA,NA,NA,NA,NA,NA,NA,NA,NA,NA,NA,NA,NA,NA
"222","cat4","H2BC12","H2BC12",NA,NA,NA,NA,NA,NA,NA,NA,NA,NA,NA,NA,NA,NA,NA,NA,NA,NA,NA,NA,NA,NA,NA,NA,NA,NA,NA,NA,NA,NA,NA,NA,NA
"223","cat4","H2BC13","H2BC13",NA,NA,NA,NA,NA,NA,NA,NA,NA,NA,NA,NA,NA,NA,NA,NA,NA,NA,NA,NA,NA,NA,NA,NA,NA,NA,NA,NA,NA,NA,NA,NA,NA
"224","cat4","H2BC14","H2BC14",NA,NA,NA,NA,NA,NA,NA,NA,NA,NA,NA,NA,NA,NA,NA,NA,NA,NA,NA,NA,NA,NA,NA,NA,NA,NA,NA,NA,NA,NA,NA,NA,NA
"225","cat4","H2BC15","H2BC15",NA,NA,NA,NA,NA,NA,NA,NA,NA,NA,NA,NA,NA,NA,NA,NA,NA,NA,NA,NA,NA,NA,NA,NA,NA,NA,NA,NA,NA,NA,NA,NA,NA
"226","cat4","H2BC16P","H2BC16P",NA,NA,NA,NA,NA,NA,NA,NA,NA,NA,NA,NA,NA,NA,NA,NA,NA,NA,NA,NA,NA,NA,NA,NA,NA,NA,NA,NA,NA,NA,NA,NA,NA
"227","cat4","H2BC17","H2BC17",NA,NA,NA,NA,NA,NA,NA,NA,NA,NA,NA,NA,NA,NA,NA,NA,NA,NA,NA,NA,NA,NA,NA,NA,NA,NA,NA,NA,NA,NA,NA,NA,NA
"228","cat4","H2BC18","H2BC18",NA,NA,NA,NA,NA,NA,NA,NA,NA,NA,NA,NA,NA,NA,NA,NA,NA,NA,NA,NA,NA,NA,NA,NA,NA,NA,NA,NA,NA,NA,NA,NA,NA
"229","cat4","H2BC19P","H2BC19P",NA,NA,NA,NA,NA,NA,NA,NA,NA,NA,NA,NA,NA,NA,NA,NA,NA,NA,NA,NA,NA,NA,NA,NA,NA,NA,NA,NA,NA,NA,NA,NA,NA
"230","cat4","H2BC20P","H2BC20P",NA,NA,NA,NA,NA,NA,NA,NA,NA,NA,NA,NA,NA,NA,NA,NA,NA,NA,NA,NA,NA,NA,NA,NA,NA,NA,NA,NA,NA,NA,NA,NA,NA
"231","cat4","H2BC21","H2BC21",NA,NA,NA,NA,NA,NA,NA,NA,NA,NA,NA,NA,NA,NA,NA,NA,NA,NA,NA,NA,NA,NA,NA,NA,NA,NA,NA,NA,NA,NA,NA,NA,NA
"232","cat4","H2BE1","H2BK1",NA,NA,NA,NA,NA,NA,NA,NA,NA,NA,NA,NA,NA,NA,NA,NA,NA,NA,NA,NA,NA,NA,NA,NA,NA,NA,NA,NA,NA,NA,NA,NA,NA
"233","cat4","H2BS1","H2BC12L",NA,NA,NA,NA,NA,NA,NA,NA,NA,NA,NA,NA,NA,NA,NA,NA,NA,NA,NA,NA,NA,NA,NA,NA,NA,NA,NA,NA,NA,NA,NA,NA,NA
"234","cat4","H2BU1","H2BC26",NA,NA,NA,NA,NA,NA,NA,NA,NA,NA,NA,NA,NA,NA,NA,NA,NA,NA,NA,NA,NA,NA,NA,NA,NA,NA,NA,NA,NA,NA,NA,NA,NA
"235","cat4","H2BU2P","H2BC27P",NA,NA,NA,NA,NA,NA,NA,NA,NA,NA,NA,NA,NA,NA,NA,NA,NA,NA,NA,NA,NA,NA,NA,NA,NA,NA,NA,NA,NA,NA,NA,NA,NA
"236","cat4","H2BW1","H2BW1",NA,NA,NA,NA,NA,NA,NA,NA,NA,NA,NA,NA,NA,NA,NA,NA,NA,NA,NA,NA,NA,NA,NA,NA,NA,NA,NA,NA,NA,NA,NA,NA,NA
"237","cat4","H2BW2","H2BW2",NA,NA,NA,NA,NA,NA,NA,NA,NA,NA,NA,NA,NA,NA,NA,NA,NA,NA,NA,NA,NA,NA,NA,NA,NA,NA,NA,NA,NA,NA,NA,NA,NA
"238","cat4","H2BW3P","H2BW3P",NA,NA,NA,NA,NA,NA,NA,NA,NA,NA,NA,NA,NA,NA,NA,NA,NA,NA,NA,NA,NA,NA,NA,NA,NA,NA,NA,NA,NA,NA,NA,NA,NA
"239","cat4","H2BW4P","H2BW4P",NA,NA,NA,NA,NA,NA,NA,NA,NA,NA,NA,NA,NA,NA,NA,NA,NA,NA,NA,NA,NA,NA,NA,NA,NA,NA,NA,NA,NA,NA,NA,NA,NA
"240","cat4","H3C1","H3C1",35828,0,24598,153060,19598,0,202840,45974,49066,65091,5275.2,22467,20561,13120,116800,0,6766.9,25381,35969,26762,48294,9815.6,0,0,0,0,0,0,0,2812.5,0,0,0
"241","cat4","H3C2","H3C2",NA,NA,NA,NA,NA,NA,NA,NA,NA,NA,NA,NA,NA,NA,NA,NA,NA,NA,NA,NA,NA,NA,NA,NA,NA,NA,NA,NA,NA,NA,NA,NA,NA
"242","cat4","H3C3","H3C3",NA,NA,NA,NA,NA,NA,NA,NA,NA,NA,NA,NA,NA,NA,NA,NA,NA,NA,NA,NA,NA,NA,NA,NA,NA,NA,NA,NA,NA,NA,NA,NA,NA
"243","cat4","H3C4","H3C4",NA,NA,NA,NA,NA,NA,NA,NA,NA,NA,NA,NA,NA,NA,NA,NA,NA,NA,NA,NA,NA,NA,NA,NA,NA,NA,NA,NA,NA,NA,NA,NA,NA
"244","cat4","H3C5P","H3C5P",NA,NA,NA,NA,NA,NA,NA,NA,NA,NA,NA,NA,NA,NA,NA,NA,NA,NA,NA,NA,NA,NA,NA,NA,NA,NA,NA,NA,NA,NA,NA,NA,NA
"245","cat4","H3C6","H3C6",NA,NA,NA,NA,NA,NA,NA,NA,NA,NA,NA,NA,NA,NA,NA,NA,NA,NA,NA,NA,NA,NA,NA,NA,NA,NA,NA,NA,NA,NA,NA,NA,NA
"246","cat4","H3C7","H3C7",NA,NA,NA,NA,NA,NA,NA,NA,NA,NA,NA,NA,NA,NA,NA,NA,NA,NA,NA,NA,NA,NA,NA,NA,NA,NA,NA,NA,NA,NA,NA,NA,NA
"247","cat4","H3C8","H3C8",NA,NA,NA,NA,NA,NA,NA,NA,NA,NA,NA,NA,NA,NA,NA,NA,NA,NA,NA,NA,NA,NA,NA,NA,NA,NA,NA,NA,NA,NA,NA,NA,NA
"248","cat4","H3C9P","H3C9P",NA,NA,NA,NA,NA,NA,NA,NA,NA,NA,NA,NA,NA,NA,NA,NA,NA,NA,NA,NA,NA,NA,NA,NA,NA,NA,NA,NA,NA,NA,NA,NA,NA
"249","cat4","H3C10","H3C10",NA,NA,NA,NA,NA,NA,NA,NA,NA,NA,NA,NA,NA,NA,NA,NA,NA,NA,NA,NA,NA,NA,NA,NA,NA,NA,NA,NA,NA,NA,NA,NA,NA
"250","cat4","H3C11","H3C11",NA,NA,NA,NA,NA,NA,NA,NA,NA,NA,NA,NA,NA,NA,NA,NA,NA,NA,NA,NA,NA,NA,NA,NA,NA,NA,NA,NA,NA,NA,NA,NA,NA
"251","cat4","H3C12","H3C12",NA,NA,NA,NA,NA,NA,NA,NA,NA,NA,NA,NA,NA,NA,NA,NA,NA,NA,NA,NA,NA,NA,NA,NA,NA,NA,NA,NA,NA,NA,NA,NA,NA
"252","cat4","H3C13","H3C13",NA,NA,NA,NA,NA,NA,NA,NA,NA,NA,NA,NA,NA,NA,NA,NA,NA,NA,NA,NA,NA,NA,NA,NA,NA,NA,NA,NA,NA,NA,NA,NA,NA
"253","cat4","H3C14","H3C14",NA,NA,NA,NA,NA,NA,NA,NA,NA,NA,NA,NA,NA,NA,NA,NA,NA,NA,NA,NA,NA,NA,NA,NA,NA,NA,NA,NA,NA,NA,NA,NA,NA
"254","cat4","H3C15","H3C15",392040,86601,13825,998720,380670,238290,1072100,457350,180680,308000,66532,10062,0,5074.9,171940,96914,11295,15715,479610,0,254180,0,0,0,0,0,2594.4,0,0,87010,0,0,2556
"255","cat4","H3Y1","H3Y1",NA,NA,NA,NA,NA,NA,NA,NA,NA,NA,NA,NA,NA,NA,NA,NA,NA,NA,NA,NA,NA,NA,NA,NA,NA,NA,NA,NA,NA,NA,NA,NA,NA
"256","cat4","H3Y2","H3Y2",NA,NA,NA,NA,NA,NA,NA,NA,NA,NA,NA,NA,NA,NA,NA,NA,NA,NA,NA,NA,NA,NA,NA,NA,NA,NA,NA,NA,NA,NA,NA,NA,NA
"257","cat4","CENPA","CENPA",NA,NA,NA,NA,NA,NA,NA,NA,NA,NA,NA,NA,NA,NA,NA,NA,NA,NA,NA,NA,NA,NA,NA,NA,NA,NA,NA,NA,NA,NA,NA,NA,NA
"258","cat4","H3-2","H3-7",36910,18971,26236,65618,58680,0,92189,22283,11752,23326,8347.9,14812,10164,14090,15275,0,31637,41322,16102,20118,0,20748,0,0,0,0,190.14,0,0,6261.2,0,0,0
"259","cat4","H3-3A","H3-3A",56591,12836,41330,93337,41069,29037,139010,64827,29313,42280,21306,26048,0,21993,83631,6472,20493,4592.9,0,22232,37965,41825,0,0,0,0,0,0,0,4476.8,0,0,0
"260","cat4","H3-3B","H3-3B",NA,NA,NA,NA,NA,NA,NA,NA,NA,NA,NA,NA,NA,NA,NA,NA,NA,NA,NA,NA,NA,NA,NA,NA,NA,NA,NA,NA,NA,NA,NA,NA,NA
"261","cat4","H3-4","H3-4",NA,NA,NA,NA,NA,NA,NA,NA,NA,NA,NA,NA,NA,NA,NA,NA,NA,NA,NA,NA,NA,NA,NA,NA,NA,NA,NA,NA,NA,NA,NA,NA,NA
"262","cat4","H3-5","H3-5",NA,NA,NA,NA,NA,NA,NA,NA,NA,NA,NA,NA,NA,NA,NA,NA,NA,NA,NA,NA,NA,NA,NA,NA,NA,NA,NA,NA,NA,NA,NA,NA,NA
"263","cat4","H4C1","H4C1",1136700,24890,652250,2198500,486230,246380,4125100,1944000,674070,1018600,392840,2001200,1025600,1384100,1935800,569270,1886200,5834700,2262000,1561600,2108200,1538800,0,0,24082,0,5667.3,44989,116940,858970,79839,27109,6623.5
"264","cat4","H4C2","H4C2",NA,NA,NA,NA,NA,NA,NA,NA,NA,NA,NA,NA,NA,NA,NA,NA,NA,NA,NA,NA,NA,NA,NA,NA,NA,NA,NA,NA,NA,NA,NA,NA,NA
"265","cat4","H4C3","H4C3",NA,NA,NA,NA,NA,NA,NA,NA,NA,NA,NA,NA,NA,NA,NA,NA,NA,NA,NA,NA,NA,NA,NA,NA,NA,NA,NA,NA,NA,NA,NA,NA,NA
"266","cat4","H4C4","H4C4",NA,NA,NA,NA,NA,NA,NA,NA,NA,NA,NA,NA,NA,NA,NA,NA,NA,NA,NA,NA,NA,NA,NA,NA,NA,NA,NA,NA,NA,NA,NA,NA,NA
"267","cat4","H4C5","H4C5",NA,NA,NA,NA,NA,NA,NA,NA,NA,NA,NA,NA,NA,NA,NA,NA,NA,NA,NA,NA,NA,NA,NA,NA,NA,NA,NA,NA,NA,NA,NA,NA,NA
"268","cat4","H4C6","H4C6",NA,NA,NA,NA,NA,NA,NA,NA,NA,NA,NA,NA,NA,NA,NA,NA,NA,NA,NA,NA,NA,NA,NA,NA,NA,NA,NA,NA,NA,NA,NA,NA,NA
"269","cat4","H4C7","H4C7",NA,NA,NA,NA,NA,NA,NA,NA,NA,NA,NA,NA,NA,NA,NA,NA,NA,NA,NA,NA,NA,NA,NA,NA,NA,NA,NA,NA,NA,NA,NA,NA,NA
"270","cat4","H4C8","H4C8",NA,NA,NA,NA,NA,NA,NA,NA,NA,NA,NA,NA,NA,NA,NA,NA,NA,NA,NA,NA,NA,NA,NA,NA,NA,NA,NA,NA,NA,NA,NA,NA,NA
"271","cat4","H4C9","H4C9",NA,NA,NA,NA,NA,NA,NA,NA,NA,NA,NA,NA,NA,NA,NA,NA,NA,NA,NA,NA,NA,NA,NA,NA,NA,NA,NA,NA,NA,NA,NA,NA,NA
"272","cat4","H4C10P","H4C10P",NA,NA,NA,NA,NA,NA,NA,NA,NA,NA,NA,NA,NA,NA,NA,NA,NA,NA,NA,NA,NA,NA,NA,NA,NA,NA,NA,NA,NA,NA,NA,NA,NA
"273","cat4","H4C11","H4C11",NA,NA,NA,NA,NA,NA,NA,NA,NA,NA,NA,NA,NA,NA,NA,NA,NA,NA,NA,NA,NA,NA,NA,NA,NA,NA,NA,NA,NA,NA,NA,NA,NA
"274","cat4","H4C12","H4C12",NA,NA,NA,NA,NA,NA,NA,NA,NA,NA,NA,NA,NA,NA,NA,NA,NA,NA,NA,NA,NA,NA,NA,NA,NA,NA,NA,NA,NA,NA,NA,NA,NA
"275","cat4","H4C13","H4C13",NA,NA,NA,NA,NA,NA,NA,NA,NA,NA,NA,NA,NA,NA,NA,NA,NA,NA,NA,NA,NA,NA,NA,NA,NA,NA,NA,NA,NA,NA,NA,NA,NA
"276","cat4","H4C14","H4C14",NA,NA,NA,NA,NA,NA,NA,NA,NA,NA,NA,NA,NA,NA,NA,NA,NA,NA,NA,NA,NA,NA,NA,NA,NA,NA,NA,NA,NA,NA,NA,NA,NA
"277","cat4","H4C15","H4C15",NA,NA,NA,NA,NA,NA,NA,NA,NA,NA,NA,NA,NA,NA,NA,NA,NA,NA,NA,NA,NA,NA,NA,NA,NA,NA,NA,NA,NA,NA,NA,NA,NA
"278","cat4","H4-16","H4C16",NA,NA,NA,NA,NA,NA,NA,NA,NA,NA,NA,NA,NA,NA,NA,NA,NA,NA,NA,NA,NA,NA,NA,NA,NA,NA,NA,NA,NA,NA,NA,NA,NA
"279","cat4","LMNA","LMNA",4269.6,619.25,1310.4,3085.4,21635,1997.6,642.17,1046.4,1195.7,452.84,296.62,2620.1,0,7004,0,5080.4,5048.2,0,0,0,0,3466.6,8317,826.27,42951,2117,1605.4,51669,193.39,6118.6,288.26,0,1189.5
"280","cat4","IMMT","IMMT",2950,2166.5,2292.3,8094.2,6529.4,7369.3,2603.4,0,0,43.045,253.29,2524.1,1523.7,1830.4,2489.4,1119.3,1504,482.65,0,0,471.2,7217,0,0,0,0,0,0,0,0,0,0,0
"281","cat4","CYC1","CYC1",3517.6,2586.9,5840.9,6398,28991,3898.1,892.61,0,0,150.32,2266.4,997.97,0,0,1269.6,4444.3,1316.7,0,0,0,0,3458,0,0,0,0,0,0,0,0,0,0,0
"282","cat4","TOMM20","TOMM20",NA,NA,NA,NA,NA,NA,NA,NA,NA,NA,NA,NA,NA,NA,NA,NA,NA,NA,NA,NA,NA,NA,NA,NA,NA,NA,NA,NA,NA,NA,NA,NA,NA
"283","cat4","CANX","CANX",783620,159860,487250,450970,318080,316120,230250,45329,27850,110890,201580,176350,102700,87330,117940,43760,131340,28465,1838.9,331.09,31438,49638,0,0,0,0,0,0,0,0,0,0,190.54
"284","cat4","HSP90B1","HSP90B1",333830,210550,188210,244640,250780,267500,105840,37995,18236,71293,190140,190790,95791,52012,104450,78567,62893,65146,7305.9,691.24,30076,99296,0,0,3285,2417.8,0,1649.6,0,5208.5,918,0,588.38
"285","cat4","HSPA5","HSPA5",303640,158360,270780,421720,270050,228370,225350,119220,49373,129840,164830,336070,116120,124220,152810,174620,241500,103020,47463,11382,68811,104870,4180.4,0,10507,1641.7,0,4372.3,1624.6,15741,912.19,0,0
"286","cat4","GOLGA2","GOLGA2",7186,730.27,1215.5,243.33,1453.9,2839,0,0,0,0,0,353.72,0,0,99.731,0,0,0,0,0,0,0,0,0,0,0,0,0,0,0,0,0,0
"287","cat4","ATG9A","ATG9A",6038.6,544.48,888.35,1813.9,18397,5218.8,1149.7,4857.2,35.879,3592.9,3334.7,0,0,0,0,627.86,0,0,0,0,0,0,0,0,0,0,0,0,0,0,0,0,0
"288","cat4","ACTN1/4","ACTN1/4",NA,NA,NA,NA,NA,NA,NA,NA,NA,NA,NA,NA,NA,NA,NA,NA,NA,NA,NA,NA,NA,NA,NA,NA,NA,NA,NA,NA,NA,NA,NA,NA,NA
"289","cat4","KRT18","KRT18",NA,NA,NA,NA,NA,NA,NA,NA,NA,NA,NA,NA,NA,NA,NA,NA,NA,NA,NA,NA,NA,NA,NA,NA,NA,NA,NA,NA,NA,NA,NA,NA,NA
"290","cat5","TGFB1","TGFB1",2064.4,0,0,968.97,0,0,686.41,144.99,11029,0,1054.9,0,554.8,0,0,0,0,0,0,0,0,319.57,0,0,0,0,0,0,0,0,0,0,0
"291","cat5","TGFB2","TGFB2",NA,NA,NA,NA,NA,NA,NA,NA,NA,NA,NA,NA,NA,NA,NA,NA,NA,NA,NA,NA,NA,NA,NA,NA,NA,NA,NA,NA,NA,NA,NA,NA,NA
"292","cat5","IFNG","IFNG",NA,NA,NA,NA,NA,NA,NA,NA,NA,NA,NA,NA,NA,NA,NA,NA,NA,NA,NA,NA,NA,NA,NA,NA,NA,NA,NA,NA,NA,NA,NA,NA,NA
"293","cat5","VEGFA","VEGFA",NA,NA,NA,NA,NA,NA,NA,NA,NA,NA,NA,NA,NA,NA,NA,NA,NA,NA,NA,NA,NA,NA,NA,NA,NA,NA,NA,NA,NA,NA,NA,NA,NA
"294","cat5","FGF1","FGF1",0,0,119.07,0,0,3105.4,0,0,0,0,0,0,0,0,0,0,0,0,0,0,0,0,0,0,0,0,0,0,0,0,0,0,0
"295","cat5","FGF2","FGF2",NA,NA,NA,NA,NA,NA,NA,NA,NA,NA,NA,NA,NA,NA,NA,NA,NA,NA,NA,NA,NA,NA,NA,NA,NA,NA,NA,NA,NA,NA,NA,NA,NA
"296","cat5","PDGFA","PDGFA",NA,NA,NA,NA,NA,NA,NA,NA,NA,NA,NA,NA,NA,NA,NA,NA,NA,NA,NA,NA,NA,NA,NA,NA,NA,NA,NA,NA,NA,NA,NA,NA,NA
"297","cat5","PDGFB","PDGFB",NA,NA,NA,NA,NA,NA,NA,NA,NA,NA,NA,NA,NA,NA,NA,NA,NA,NA,NA,NA,NA,NA,NA,NA,NA,NA,NA,NA,NA,NA,NA,NA,NA
"298","cat5","PDGFC","PDGFC",0,0,0,976.87,0,0,359.3,0,5739.9,1192.7,0,0,0,0,0,0,0,0,0,0,0,0,0,0,0,0,0,0,0,0,0,0,0
"299","cat5","PDGFD","PDGFD",NA,NA,NA,NA,NA,NA,NA,NA,NA,NA,NA,NA,NA,NA,NA,NA,NA,NA,NA,NA,NA,NA,NA,NA,NA,NA,NA,NA,NA,NA,NA,NA,NA
"300","cat5","EGF","EGF",NA,NA,NA,NA,NA,NA,NA,NA,NA,NA,NA,NA,NA,NA,NA,NA,NA,NA,NA,NA,NA,NA,NA,NA,NA,NA,NA,NA,NA,NA,NA,NA,NA
"301","cat5","IL1","IL1A",NA,NA,NA,NA,NA,NA,NA,NA,NA,NA,NA,NA,NA,NA,NA,NA,NA,NA,NA,NA,NA,NA,NA,NA,NA,NA,NA,NA,NA,NA,NA,NA,NA
"302","cat5","IL2","IL2",NA,NA,NA,NA,NA,NA,NA,NA,NA,NA,NA,NA,NA,NA,NA,NA,NA,NA,NA,NA,NA,NA,NA,NA,NA,NA,NA,NA,NA,NA,NA,NA,NA
"303","cat5","IL3","IL3",NA,NA,NA,NA,NA,NA,NA,NA,NA,NA,NA,NA,NA,NA,NA,NA,NA,NA,NA,NA,NA,NA,NA,NA,NA,NA,NA,NA,NA,NA,NA,NA,NA
"304","cat5","IL4","IL4",NA,NA,NA,NA,NA,NA,NA,NA,NA,NA,NA,NA,NA,NA,NA,NA,NA,NA,NA,NA,NA,NA,NA,NA,NA,NA,NA,NA,NA,NA,NA,NA,NA
"305","cat5","IL5","IL5",NA,NA,NA,NA,NA,NA,NA,NA,NA,NA,NA,NA,NA,NA,NA,NA,NA,NA,NA,NA,NA,NA,NA,NA,NA,NA,NA,NA,NA,NA,NA,NA,NA
"306","cat5","IL6","IL6",NA,NA,NA,NA,NA,NA,NA,NA,NA,NA,NA,NA,NA,NA,NA,NA,NA,NA,NA,NA,NA,NA,NA,NA,NA,NA,NA,NA,NA,NA,NA,NA,NA
"307","cat5","IL7","IL7",NA,NA,NA,NA,NA,NA,NA,NA,NA,NA,NA,NA,NA,NA,NA,NA,NA,NA,NA,NA,NA,NA,NA,NA,NA,NA,NA,NA,NA,NA,NA,NA,NA
"308","cat5","IL8","CXCL8",NA,NA,NA,NA,NA,NA,NA,NA,NA,NA,NA,NA,NA,NA,NA,NA,NA,NA,NA,NA,NA,NA,NA,NA,NA,NA,NA,NA,NA,NA,NA,NA,NA
"309","cat5","IL9","IL9",NA,NA,NA,NA,NA,NA,NA,NA,NA,NA,NA,NA,NA,NA,NA,NA,NA,NA,NA,NA,NA,NA,NA,NA,NA,NA,NA,NA,NA,NA,NA,NA,NA
"310","cat5","IL10","IL10",NA,NA,NA,NA,NA,NA,NA,NA,NA,NA,NA,NA,NA,NA,NA,NA,NA,NA,NA,NA,NA,NA,NA,NA,NA,NA,NA,NA,NA,NA,NA,NA,NA
"311","cat5","IL11","IL11",NA,NA,NA,NA,NA,NA,NA,NA,NA,NA,NA,NA,NA,NA,NA,NA,NA,NA,NA,NA,NA,NA,NA,NA,NA,NA,NA,NA,NA,NA,NA,NA,NA
"312","cat5","IL12","IL12",NA,NA,NA,NA,NA,NA,NA,NA,NA,NA,NA,NA,NA,NA,NA,NA,NA,NA,NA,NA,NA,NA,NA,NA,NA,NA,NA,NA,NA,NA,NA,NA,NA
"313","cat5","IL13","IL13",NA,NA,NA,NA,NA,NA,NA,NA,NA,NA,NA,NA,NA,NA,NA,NA,NA,NA,NA,NA,NA,NA,NA,NA,NA,NA,NA,NA,NA,NA,NA,NA,NA
"314","cat5","IL14","IL14",NA,NA,NA,NA,NA,NA,NA,NA,NA,NA,NA,NA,NA,NA,NA,NA,NA,NA,NA,NA,NA,NA,NA,NA,NA,NA,NA,NA,NA,NA,NA,NA,NA
"315","cat5","IL15","IL15",NA,NA,NA,NA,NA,NA,NA,NA,NA,NA,NA,NA,NA,NA,NA,NA,NA,NA,NA,NA,NA,NA,NA,NA,NA,NA,NA,NA,NA,NA,NA,NA,NA
"316","cat5","IL16","IL16",NA,NA,NA,NA,NA,NA,NA,NA,NA,NA,NA,NA,NA,NA,NA,NA,NA,NA,NA,NA,NA,NA,NA,NA,NA,NA,NA,NA,NA,NA,NA,NA,NA
"317","cat5","IL17","IL17A",NA,NA,NA,NA,NA,NA,NA,NA,NA,NA,NA,NA,NA,NA,NA,NA,NA,NA,NA,NA,NA,NA,NA,NA,NA,NA,NA,NA,NA,NA,NA,NA,NA
"318","cat5","IL18","IL18",0,0,894.52,0,0,0,2784.5,1721.2,7309,0,0,0,0,0,0,0,0,1463.3,0,0,0,0,0,0,0,0,0,0,0,0,0,0,0
"319","cat5","IL19","IL19",NA,NA,NA,NA,NA,NA,NA,NA,NA,NA,NA,NA,NA,NA,NA,NA,NA,NA,NA,NA,NA,NA,NA,NA,NA,NA,NA,NA,NA,NA,NA,NA,NA
"320","cat5","IL20","IL20",NA,NA,NA,NA,NA,NA,NA,NA,NA,NA,NA,NA,NA,NA,NA,NA,NA,NA,NA,NA,NA,NA,NA,NA,NA,NA,NA,NA,NA,NA,NA,NA,NA
"321","cat5","IL21","IL21",NA,NA,NA,NA,NA,NA,NA,NA,NA,NA,NA,NA,NA,NA,NA,NA,NA,NA,NA,NA,NA,NA,NA,NA,NA,NA,NA,NA,NA,NA,NA,NA,NA
"322","cat5","IL22","IL22",NA,NA,NA,NA,NA,NA,NA,NA,NA,NA,NA,NA,NA,NA,NA,NA,NA,NA,NA,NA,NA,NA,NA,NA,NA,NA,NA,NA,NA,NA,NA,NA,NA
"323","cat5","IL23","IL23",NA,NA,NA,NA,NA,NA,NA,NA,NA,NA,NA,NA,NA,NA,NA,NA,NA,NA,NA,NA,NA,NA,NA,NA,NA,NA,NA,NA,NA,NA,NA,NA,NA
"324","cat5","IL24","IL24",NA,NA,NA,NA,NA,NA,NA,NA,NA,NA,NA,NA,NA,NA,NA,NA,NA,NA,NA,NA,NA,NA,NA,NA,NA,NA,NA,NA,NA,NA,NA,NA,NA
"325","cat5","IL25","IL25",NA,NA,NA,NA,NA,NA,NA,NA,NA,NA,NA,NA,NA,NA,NA,NA,NA,NA,NA,NA,NA,NA,NA,NA,NA,NA,NA,NA,NA,NA,NA,NA,NA
"326","cat5","IL26","IL26",NA,NA,NA,NA,NA,NA,NA,NA,NA,NA,NA,NA,NA,NA,NA,NA,NA,NA,NA,NA,NA,NA,NA,NA,NA,NA,NA,NA,NA,NA,NA,NA,NA
"327","cat5","IL28","IL28",NA,NA,NA,NA,NA,NA,NA,NA,NA,NA,NA,NA,NA,NA,NA,NA,NA,NA,NA,NA,NA,NA,NA,NA,NA,NA,NA,NA,NA,NA,NA,NA,NA
"328","cat5","IL29","IFNL1",NA,NA,NA,NA,NA,NA,NA,NA,NA,NA,NA,NA,NA,NA,NA,NA,NA,NA,NA,NA,NA,NA,NA,NA,NA,NA,NA,NA,NA,NA,NA,NA,NA
"329","cat5","IL30","IL27",NA,NA,NA,NA,NA,NA,NA,NA,NA,NA,NA,NA,NA,NA,NA,NA,NA,NA,NA,NA,NA,NA,NA,NA,NA,NA,NA,NA,NA,NA,NA,NA,NA
"330","cat5","IL31","IL31",NA,NA,NA,NA,NA,NA,NA,NA,NA,NA,NA,NA,NA,NA,NA,NA,NA,NA,NA,NA,NA,NA,NA,NA,NA,NA,NA,NA,NA,NA,NA,NA,NA
"331","cat5","IL32","IL32",NA,NA,NA,NA,NA,NA,NA,NA,NA,NA,NA,NA,NA,NA,NA,NA,NA,NA,NA,NA,NA,NA,NA,NA,NA,NA,NA,NA,NA,NA,NA,NA,NA
"332","cat5","IL33","IL33",NA,NA,NA,NA,NA,NA,NA,NA,NA,NA,NA,NA,NA,NA,NA,NA,NA,NA,NA,NA,NA,NA,NA,NA,NA,NA,NA,NA,NA,NA,NA,NA,NA
"333","cat5","IL34","IL34",NA,NA,NA,NA,NA,NA,NA,NA,NA,NA,NA,NA,NA,NA,NA,NA,NA,NA,NA,NA,NA,NA,NA,NA,NA,NA,NA,NA,NA,NA,NA,NA,NA
"334","cat5","IL35","IL35",NA,NA,NA,NA,NA,NA,NA,NA,NA,NA,NA,NA,NA,NA,NA,NA,NA,NA,NA,NA,NA,NA,NA,NA,NA,NA,NA,NA,NA,NA,NA,NA,NA
"335","cat5","IL36","IL36",NA,NA,NA,NA,NA,NA,NA,NA,NA,NA,NA,NA,NA,NA,NA,NA,NA,NA,NA,NA,NA,NA,NA,NA,NA,NA,NA,NA,NA,NA,NA,NA,NA
"336","cat5","IL37","IL37",NA,NA,NA,NA,NA,NA,NA,NA,NA,NA,NA,NA,NA,NA,NA,NA,NA,NA,NA,NA,NA,NA,NA,NA,NA,NA,NA,NA,NA,NA,NA,NA,NA
"337","cat5","IL38","IL38",NA,NA,NA,NA,NA,NA,NA,NA,NA,NA,NA,NA,NA,NA,NA,NA,NA,NA,NA,NA,NA,NA,NA,NA,NA,NA,NA,NA,NA,NA,NA,NA,NA
"338","cat5","IL39","IL39",NA,NA,NA,NA,NA,NA,NA,NA,NA,NA,NA,NA,NA,NA,NA,NA,NA,NA,NA,NA,NA,NA,NA,NA,NA,NA,NA,NA,NA,NA,NA,NA,NA
"339","cat5","IL40","IL40",NA,NA,NA,NA,NA,NA,NA,NA,NA,NA,NA,NA,NA,NA,NA,NA,NA,NA,NA,NA,NA,NA,NA,NA,NA,NA,NA,NA,NA,NA,NA,NA,NA
"340","cat5","FN1","FN1",1249700,1264400,645280,914720,2037200,1129700,460910,545100,1623200,466230,261650,2020500,1590800,1418800,1549400,3625700,1169900,961530,777660,2750400,1648400,1810500,742120,444120,272400,402520,331460,591100,629740,1225800,693580,727010,234120
"341","cat5","COL1A1","COL1A1",3577.6,6717.4,1160.4,3724.8,6551.7,1582.3,966.11,6044.1,861.38,2079.3,1103.5,63922,66558,26179,105720,168560,43465,172360,85638,108370,80943,284620,1227,1172.7,649.28,1027.5,1105.3,6751.1,1625.2,16439,1580,981.47,676.63
"342","cat5","COL1A2","COL1A2",811.49,1264.9,3674,3174,803.03,1151.5,464.8,1580.2,0,674.6,0,97109,90716,30662,118960,196350,66358,102590,202360,191100,108330,387050,1255.9,2330.4,0,1152.1,671.59,8365.2,1850.4,13414,5737,1087.3,3004.8
"343","cat5","COL2A1","COL2A1",0,0,0,0,0,0,0,0,0,0,0,868.95,1997.1,763.65,2466.2,4264.8,0,7202.4,817.18,1970.3,1999.5,4511.6,0,0,0,0,0,0,0,0,0,0,0
"344","cat5","COL3A1","COL3A1",0,0,0,1293.7,0,0,811.63,2863.2,404.02,2500,849.54,45969,68831,24266,46222,163510,44549,110050,31132,73499,102400,575440,0,188.93,0,1150.2,725.95,2669.4,763.2,4445.5,321.98,911.05,1822.7
"345","cat5","COL4A1","COL4A1",313.54,1292.3,0,0,1120.6,779.29,0,0,0,0,0,4029.6,3857.5,921.85,2173.1,9882.5,3555.9,1050.1,807.36,1991.9,9327.6,6807.3,0,0,0,0,0,0,0,0,0,0,0
"346","cat5","COL 4A2","COL 4A2",NA,NA,NA,NA,NA,NA,NA,NA,NA,NA,NA,NA,NA,NA,NA,NA,NA,NA,NA,NA,NA,NA,NA,NA,NA,NA,NA,NA,NA,NA,NA,NA,NA
"347","cat5","COL4A3","COL4A3",NA,NA,NA,NA,NA,NA,NA,NA,NA,NA,NA,NA,NA,NA,NA,NA,NA,NA,NA,NA,NA,NA,NA,NA,NA,NA,NA,NA,NA,NA,NA,NA,NA
"348","cat5","COL4A4","COL4A4",NA,NA,NA,NA,NA,NA,NA,NA,NA,NA,NA,NA,NA,NA,NA,NA,NA,NA,NA,NA,NA,NA,NA,NA,NA,NA,NA,NA,NA,NA,NA,NA,NA
"349","cat5","COL4A5","COL4A5",NA,NA,NA,NA,NA,NA,NA,NA,NA,NA,NA,NA,NA,NA,NA,NA,NA,NA,NA,NA,NA,NA,NA,NA,NA,NA,NA,NA,NA,NA,NA,NA,NA
"350","cat5","COL4A6","COL4A6",NA,NA,NA,NA,NA,NA,NA,NA,NA,NA,NA,NA,NA,NA,NA,NA,NA,NA,NA,NA,NA,NA,NA,NA,NA,NA,NA,NA,NA,NA,NA,NA,NA
"351","cat5","COL5A1","COL5A1",1205.8,1035.5,0,864.69,2021.8,1165.7,0,1240.8,739.27,10092,52.147,7477.7,22348,533.87,7823.2,8482.1,1582.9,8797.6,9452.6,18038,8993.4,35977,0,499.52,0,0,1005.6,0,0,659.9,75.644,58.109,1013.3
"352","cat5","COL5A2","COL5A2",0,0,0,0,0,0,0,186.39,0,485.09,0,1238.4,4091,0,1164.7,1581.2,424.59,3851.9,2008.1,2702.9,487.38,5512.3,0,0,0,0,0,0,0,0,0,0,0
"353","cat5","COL5A3","COL5A3",0,0,0,0,0,0,0,0,0,0,0,0,0,0,0,0,0,0,0,0,0,0,0,0,0,0,0,0,0,0,0,0,0
"354","cat5","COL6A1","COL6A1",17644,17767,11571,32203,23701,21958,12607,5747.4,16967,24486,8299.8,32913,33278,7590.9,65153,42972,13160,25811,4279.6,26188,116280,57787,829.92,0,975.38,1369.5,542.98,1453.5,1425,4795.3,2024.4,0,6567.6
"355","cat5","COL6A2","COL6A2",7134.5,3088.5,3698.5,9851.5,6833.2,11217,3325.5,552.05,3317.2,7389.3,771.04,11759,13435,1733,25919,16734,670.82,14427,1203.9,8545,47079,18576,0,0,0,0,0,0,0,0,0,0,615.45
"356","cat5","COL6A3","COL6A3",5950.3,3594.2,2954.3,18907,12584,8475,5226.6,1170.1,8567.1,10130,2836,20058,23823,6302.3,49875,42921,4623.6,27125,4564,21607,84267,37896,406.78,572.71,291.36,883.65,1068.5,0,1087.9,1946,1175.5,1323.5,495.6
"357","cat5","COL6A4P1","COL6A4P1",NA,NA,NA,NA,NA,NA,NA,NA,NA,NA,NA,NA,NA,NA,NA,NA,NA,NA,NA,NA,NA,NA,NA,NA,NA,NA,NA,NA,NA,NA,NA,NA,NA
"358","cat5","COL6A4P2","COL6A4P2",NA,NA,NA,NA,NA,NA,NA,NA,NA,NA,NA,NA,NA,NA,NA,NA,NA,NA,NA,NA,NA,NA,NA,NA,NA,NA,NA,NA,NA,NA,NA,NA,NA
"359","cat5","COL6A5","COL6A5",NA,NA,NA,NA,NA,NA,NA,NA,NA,NA,NA,NA,NA,NA,NA,NA,NA,NA,NA,NA,NA,NA,NA,NA,NA,NA,NA,NA,NA,NA,NA,NA,NA
"360","cat5","COL6A6","COL6A6",NA,NA,NA,NA,NA,NA,NA,NA,NA,NA,NA,NA,NA,NA,NA,NA,NA,NA,NA,NA,NA,NA,NA,NA,NA,NA,NA,NA,NA,NA,NA,NA,NA
"361","cat5","COL7A1","COL7A1",0,0,0,0,0,0,0,0,0,0,0,0,0,0,0,0,0,3165.2,1707.4,424.28,1343.4,0,0,0,0,0,0,0,0,0,0,0,0
"362","cat5","COL8A1","COL8A1",NA,NA,NA,NA,NA,NA,NA,NA,NA,NA,NA,NA,NA,NA,NA,NA,NA,NA,NA,NA,NA,NA,NA,NA,NA,NA,NA,NA,NA,NA,NA,NA,NA
"363","cat5","COL8A2","COL8A2",NA,NA,NA,NA,NA,NA,NA,NA,NA,NA,NA,NA,NA,NA,NA,NA,NA,NA,NA,NA,NA,NA,NA,NA,NA,NA,NA,NA,NA,NA,NA,NA,NA
"364","cat5","COL9A1","COL9A1",NA,NA,NA,NA,NA,NA,NA,NA,NA,NA,NA,NA,NA,NA,NA,NA,NA,NA,NA,NA,NA,NA,NA,NA,NA,NA,NA,NA,NA,NA,NA,NA,NA
"365","cat5","COL9A2","COL9A2",NA,NA,NA,NA,NA,NA,NA,NA,NA,NA,NA,NA,NA,NA,NA,NA,NA,NA,NA,NA,NA,NA,NA,NA,NA,NA,NA,NA,NA,NA,NA,NA,NA
"366","cat5","COL9A3","COL9A3",NA,NA,NA,NA,NA,NA,NA,NA,NA,NA,NA,NA,NA,NA,NA,NA,NA,NA,NA,NA,NA,NA,NA,NA,NA,NA,NA,NA,NA,NA,NA,NA,NA
"367","cat5","COL10A1","COL10A1",NA,NA,NA,NA,NA,NA,NA,NA,NA,NA,NA,NA,NA,NA,NA,NA,NA,NA,NA,NA,NA,NA,NA,NA,NA,NA,NA,NA,NA,NA,NA,NA,NA
"368","cat5","COL11A1","COL11A1",0,0,0,3240.2,0,0,3301.2,5463.2,2150.5,3133.4,1978.4,14765,0,0,0,3394,9164.9,0,0,0,0,10662,2351.3,0,0,0,0,2443.9,0,0,0,0,0
"369","cat5","COL11A2","COL11A2",NA,NA,NA,NA,NA,NA,NA,NA,NA,NA,NA,NA,NA,NA,NA,NA,NA,NA,NA,NA,NA,NA,NA,NA,NA,NA,NA,NA,NA,NA,NA,NA,NA
"370","cat5","COL12A1","COL12A1",548.66,0,515.77,651.14,2942,369.78,1255.4,837.1,54.861,715.5,184.98,2679.7,715.62,816.51,1210.2,5290.6,1595.5,1036.8,99.447,85.169,1518.5,1330,0,0,0,0,0,229.91,0,139.07,0,0,0
"371","cat5","COL13A1","COL13A1",NA,NA,NA,NA,NA,NA,NA,NA,NA,NA,NA,NA,NA,NA,NA,NA,NA,NA,NA,NA,NA,NA,NA,NA,NA,NA,NA,NA,NA,NA,NA,NA,NA
"372","cat5","COL14A1","COL14A1",0,0,7770,647.1,0,6201.2,0,0,0,424.71,0,0,0,6993.5,1349.3,0,5131.2,0,0,0,0,610.95,0,0,2337.7,0,0,3003.6,0,0,0,0,298.28
"373","cat5","COL15A1","COL15A1",0,715.17,0,0,895.66,168.64,0,0,0,0,0,13542,8366.7,7239,9466.7,23028,13421,8699.1,5265,9680.4,57309,21674,0,43.465,0,0,0,1007.9,0,771.72,0,0,0
"374","cat5","COL16A1","COL16A1",NA,NA,NA,NA,NA,NA,NA,NA,NA,NA,NA,NA,NA,NA,NA,NA,NA,NA,NA,NA,NA,NA,NA,NA,NA,NA,NA,NA,NA,NA,NA,NA,NA
"375","cat5","COL17A1","COL17A1",NA,NA,NA,NA,NA,NA,NA,NA,NA,NA,NA,NA,NA,NA,NA,NA,NA,NA,NA,NA,NA,NA,NA,NA,NA,NA,NA,NA,NA,NA,NA,NA,NA
"376","cat5","COL18A1","COL18A1",0,0,216.22,337.67,0,135.44,0,101.72,282.38,666.69,1173.5,3310.3,9811,6946.7,5254.2,12226,6189.2,10025,9022.1,21291,60306,14109,0,0,0,0,0,1838.5,0,388.7,0,722.59,0
"377","cat5","COL19A1","COL19A1",NA,NA,NA,NA,NA,NA,NA,NA,NA,NA,NA,NA,NA,NA,NA,NA,NA,NA,NA,NA,NA,NA,NA,NA,NA,NA,NA,NA,NA,NA,NA,NA,NA
"378","cat5","COL20A1","COL20A1",NA,NA,NA,NA,NA,NA,NA,NA,NA,NA,NA,NA,NA,NA,NA,NA,NA,NA,NA,NA,NA,NA,NA,NA,NA,NA,NA,NA,NA,NA,NA,NA,NA
"379","cat5","COL21A1","COL21A1",NA,NA,NA,NA,NA,NA,NA,NA,NA,NA,NA,NA,NA,NA,NA,NA,NA,NA,NA,NA,NA,NA,NA,NA,NA,NA,NA,NA,NA,NA,NA,NA,NA
"380","cat5","COL22A1","COL22A1",NA,NA,NA,NA,NA,NA,NA,NA,NA,NA,NA,NA,NA,NA,NA,NA,NA,NA,NA,NA,NA,NA,NA,NA,NA,NA,NA,NA,NA,NA,NA,NA,NA
"381","cat5","COL23A1","COL23A1",NA,NA,NA,NA,NA,NA,NA,NA,NA,NA,NA,NA,NA,NA,NA,NA,NA,NA,NA,NA,NA,NA,NA,NA,NA,NA,NA,NA,NA,NA,NA,NA,NA
"382","cat5","COL24A1","COL24A1",NA,NA,NA,NA,NA,NA,NA,NA,NA,NA,NA,NA,NA,NA,NA,NA,NA,NA,NA,NA,NA,NA,NA,NA,NA,NA,NA,NA,NA,NA,NA,NA,NA
"383","cat5","COL25A1","COL25A1",NA,NA,NA,NA,NA,NA,NA,NA,NA,NA,NA,NA,NA,NA,NA,NA,NA,NA,NA,NA,NA,NA,NA,NA,NA,NA,NA,NA,NA,NA,NA,NA,NA
"384","cat5","COL26A1","COL26A1",NA,NA,NA,NA,NA,NA,NA,NA,NA,NA,NA,NA,NA,NA,NA,NA,NA,NA,NA,NA,NA,NA,NA,NA,NA,NA,NA,NA,NA,NA,NA,NA,NA
"385","cat5","COL27A1","COL27A1",NA,NA,NA,NA,NA,NA,NA,NA,NA,NA,NA,NA,NA,NA,NA,NA,NA,NA,NA,NA,NA,NA,NA,NA,NA,NA,NA,NA,NA,NA,NA,NA,NA
"386","cat5","COL28A1","COL28A1",NA,NA,NA,NA,NA,NA,NA,NA,NA,NA,NA,NA,NA,NA,NA,NA,NA,NA,NA,NA,NA,NA,NA,NA,NA,NA,NA,NA,NA,NA,NA,NA,NA
"387","cat5","MFGE8","MFGE8",138220,139960,60254,167470,283660,331210,393240,552210,578630,390090,410060,63818,50372,3320.7,90058,75509,8072.7,33731,77681,24503,195990,178660,0,0,0,0,0,0,0,0,0,0,246.65
"388","cat5","LGALS3BP","LGALS3BP",380530,258790,800650,412890,949720,481060,768590,825660,1081700,1945600,702850,451190,162210,410590,212140,1023300,340530,50912,656470,910000,749400,615530,131680,71874,128630,21547,70239,582450,128070,479820,191470,212960,36331
"389","cat5","CD5L","CD5L",165860,96296,128880,1006900,158510,223800,729340,508700,455380,1158600,370450,144870,146020,25587,165880,143570,13472,22776,51356,122780,187330,86176,71563,24140,17880,50676,2878.6,79845,62051,85674,39318,74396,12032
"390","cat5","AHSG","AHSG",108580,212610,198880,81530,88727,95064,153080,223530,69369,337480,158380,70049,57430,173290,87248,52312,239340,20833,44267,20012,17416,71683,433330,423500,391640,821190,781910,126560,302690,200780,748160,287000,647350
